station_id,name,category,distance,rating,review_count,price
204,Recanto da Consolação,restaurants,22,4.0,5,1
204,Orange Point,restaurants,24,4.1,8,1
204,h3 New Hamburgology,restaurants,24,4.3,3,1
204,Ema,restaurants,265,4.6,12,4
204,Admiral's Place,restaurants,195,4.4,9,3
204,Apfel,restaurants,163,4.3,10,2
204,Coffe Corner,restaurants,36,4.0,1,1
204,Bovinu'S Fast Grill,restaurants,186,3.8,12,2
204,Sal Gastronomia,restaurants,189,4.2,17,4
204,O'Malley's,restaurants,253,3.5,50,2
204,Barões do Café,coffee,139,4.3,3,1
204,A J Consolação Paes e Doces,bakeries,109,0.0,0,0
7,Casa Prema,restaurants,165,4.8,6,1
7,Mexcla,restaurants,194,4.7,6,1
7,Temakeria E Cia,restaurants,233,4.7,3,2
7,Pirajá,restaurants,224,4.0,1,3
7,The Fifties,restaurants,182,2.7,6,2
7,Creperia Paulista,restaurants,167,4.0,1,0
7,Jin Jin Wok,restaurants,198,5.0,1,0
7,Taiyang,restaurants,165,0.0,0,0
7,Latife,restaurants,164,0.0,0,0
7,Poke Poke,restaurants,160,3.0,1,0
592,Frangaria,restaurants,173,5.0,4,2
592,Kobu Sushi,restaurants,176,4.3,3,0
592,Pomar Restaurante,restaurants,159,4.0,1,1
592,Porto Banús,restaurants,182,5.0,2,1
592,Oggi,restaurants,187,2.0,1,2
592,Red Sushi,restaurants,182,0.0,0,0
592,Mostarda Grill,restaurants,185,3.0,1,1
592,Red Parrilla,restaurants,203,0.0,0,0
592,Red Galeteria,restaurants,201,0.0,0,0
592,Verde Restaurantes,restaurants,186,0.0,0,0
556,Abbraccio,restaurants,162,4.1,14,2
556,Villa Felice Restaurante,restaurants,48,4.3,4,2
556,Madero,restaurants,215,3.7,19,2
556,Gaia Grill Restaurante,restaurants,53,4.0,3,2
556,Baruk,restaurants,118,4.2,6,2
556,Piadina Romagnola,restaurants,71,4.5,2,0
556,Tatu Bola Vila Olímpia,restaurants,138,3.5,14,2
556,Casa do Pão de Queijo,restaurants,88,4.0,1,1
556,Espaço Hibisco,restaurants,56,5.0,1,0
556,Kony Temaki,restaurants,74,4.0,2,3
556,Le Pain Quotidien,bakeries,216,3.5,12,2
556,Mr. Cheney Cookies,bakeries,86,0.0,0,2
556,Cristallo,bakeries,180,4.0,1,3
556,Mulequinho's Burger,bakeries,134,3.0,1,0
556,Raja Doces,bakeries,127,0.0,0,0
556,B.LEM,bakeries,229,3.0,1,2
14,Osaka,restaurants,192,4.3,12,4
14,Fleming's,restaurants,81,4.8,5,3
14,Fresto,restaurants,154,3.9,15,2
14,Rubaiyat,restaurants,181,4.0,12,4
14,Hamburguinho Lanches,restaurants,32,4.0,1,3
14,Nazca Restobar,restaurants,66,5.0,1,2
14,Rei do Picadinho,restaurants,201,4.8,4,1
14,Benihana,restaurants,200,3.5,11,3
14,Pizza 510,restaurants,189,4.3,3,1
14,Dominos Pizzaria,restaurants,29,0.0,0,0
14,Padoca Municipal,bakeries,95,0.0,0,0
14,PÃO,bakeries,258,0.0,0,0
14,Nova Pão Kent Padaria e Confeitaria Ltda.,bakeries,211,0.0,0,2
14,Mercadinho e Panificadora Mineira,bakeries,153,0.0,0,0
14,Jelly Bread,bakeries,186,0.0,0,2
14,Nova Pão Kent,bakeries,211,0.0,0,0
14,Nova Pão Kente Padaria e Confeitaria L,bakeries,211,0.0,0,0
573,Esfiha Chic Vergueiro,restaurants,38,2.2,5,2
573,Jaber Especialidades Árabes,restaurants,66,3.8,6,1
573,Catedral,restaurants,32,5.0,1,0
573,Temaki Ya,restaurants,127,4.5,4,2
573,Capricho Mineiro,restaurants,170,4.0,2,0
573,Lig Lig - Paraíso,restaurants,193,4.0,2,0
573,Restaurante Nur El Chams,restaurants,193,4.0,1,1
573,Bar e Lanches Metrolandia,restaurants,89,0.0,0,0
573,Lanchonete Marina Flora,restaurants,94,0.0,0,0
573,Bar e Restaurante Sabor do Picuí,restaurants,183,3.0,1,0
573,Coffetown,coffee,212,0.0,0,0
573,Artesanato do Pastel,bakeries,200,0.0,0,0
601,Mr. Mills Burguer,restaurants,122,4.4,12,3
601,Shin-Zushi,restaurants,217,4.2,14,4
601,Starbucks,restaurants,169,4.3,4,2
601,Rustic'o,restaurants,175,4.0,1,0
601,Café com Pão,restaurants,59,0.0,0,0
601,Sucos e Lanches João e Maria,restaurants,73,0.0,0,0
601,Lemonade,restaurants,111,0.0,0,0
601,Antônio F Menezes,restaurants,87,0.0,0,0
601,Bolado's Sucos,restaurants,200,5.0,1,0
601,Sabor Real Restaurante Grill,restaurants,234,0.0,0,0
601,Starbucks,coffee,169,4.3,4,2
601,Panificadora Viana,bakeries,66,0.0,0,2
601,Padaria Camila,bakeries,251,0.0,0,0
628,Bráz,restaurants,183,4.4,18,3
628,Bite Me,restaurants,31,0.0,0,0
628,Jambu,restaurants,197,2.5,2,2
628,Planet Party Buffet,restaurants,180,0.0,0,0
628,Buffet Magic Box,restaurants,157,0.0,0,0
628,Warabi Cozinha Japonesa,restaurants,218,0.0,0,0
628,Gattai Sushi,restaurants,218,2.5,2,0
628,Constantino Restaurante,restaurants,220,0.0,0,0
628,Forma de Pudim,bakeries,164,5.0,1,1
628,Pellegrino Pães & Doces,bakeries,97,3.5,2,0
446,Pinati,restaurants,234,4.2,5,0
446,Lenharetto,restaurants,236,3.8,4,2
446,Falando Grego,restaurants,172,4.0,1,0
446,Sevilla,restaurants,256,0.0,0,1
446,Restaurante Gaiato,restaurants,125,0.0,0,0
446,Coxinhas Ticos,restaurants,115,0.0,0,0
446,A Turma do Haroldo Buffet,restaurants,192,0.0,0,0
446,Lanchonete 213,restaurants,173,0.0,0,0
446,Lanchonete Vem Vem,restaurants,173,0.0,0,0
446,Bar e Lanches Bardalinhois,restaurants,182,0.0,0,0
446,Doces da Marechal,bakeries,66,0.0,0,0
446,Bartholo,bakeries,112,0.0,0,0
446,Ao dos Rei Pastéis,bakeries,202,0.0,0,0
446,Sevilha Doces Paes,bakeries,244,0.0,0,0
114,Churrascaria Jardineira Grill,restaurants,165,4.5,24,4
114,Rancho Português - Leitão à Bairrada,restaurants,91,3.7,13,3
114,Itarema,restaurants,36,0.0,0,0
114,Portucale,restaurants,169,4.5,2,3
114,456 Bar e Lanchonete,restaurants,138,4.0,1,0
114,Celuici,restaurants,86,0.0,0,0
114,Musette Café,restaurants,187,0.0,0,0
114,Friends Buffet,restaurants,181,0.0,0,0
114,Don Pepe Di Nápoli,restaurants,196,0.0,0,0
114,Riberão Claro Padaria,bakeries,201,4.5,2,2
36,Shigueru,restaurants,18,4.0,4,3
36,Pão com Carne,restaurants,201,4.6,19,1
36,Madero,restaurants,59,3.8,13,2
36,Taberna da Esquina,restaurants,45,4.0,2,3
36,Brasserie Victoria,restaurants,151,4.4,7,3
36,Boteco São Bento,restaurants,184,3.6,15,2
36,Salgaderia,restaurants,183,4.6,9,1
36,Imakay,restaurants,101,4.3,3,0
36,Burrito villa,restaurants,222,5.0,2,1
36,Yucatan,restaurants,129,3.3,4,2
36,Mega Matte,coffee,225,0.0,0,0
36,Doceria Yara,bakeries,202,0.0,0,0
36,Goodies,bakeries,223,0.0,0,0
36,Padaria Jesbell,bakeries,253,0.0,0,0
36,Indústria Panificação Bibi,bakeries,251,0.0,0,0
231,Vinil Burger,restaurants,211,4.3,31,1
231,Negroni,restaurants,202,4.5,13,3
231,Dô Culinária Japonesa,restaurants,129,4.7,12,4
231,Pirajá,restaurants,193,4.0,22,2
231,Café com Pão,restaurants,20,0.0,0,0
231,NB Steak,restaurants,126,4.7,9,4
231,Vila das Meninas,restaurants,130,4.9,7,2
231,Lanchonete da Cidade,restaurants,130,4.0,5,2
231,Santinho,restaurants,110,5.0,2,3
231,Salumeria Tarantino,restaurants,120,4.3,6,2
231,Brigadeiro Doceria & Café,coffee,139,4.5,11,2
231,Bolo à Toa - Pinheiros,coffee,153,4.7,3,2
231,La Girandola,coffee,227,4.7,3,2
231,Vitória Café,coffee,152,0.0,0,0
231,Café com Pão,bakeries,20,0.0,0,0
231,Maison de Marie - Café Et Patisserie,bakeries,37,0.0,0,0
231,Dam Doceria Tradicional e Dietética,bakeries,173,0.0,0,0
231,Mamãe Doçura Enfeites e Doces,bakeries,219,0.0,0,0
525,Mexicaníssimo,restaurants,196,3.5,14,2
525,Cafeteria Lambreta,restaurants,45,0.0,0,0
525,Starbucks,restaurants,157,4.0,2,1
525,Le Sandwich,restaurants,149,0.0,0,0
525,Temaki SP - Unidade Pellegrino,restaurants,183,0.0,0,0
525,Le Caipirinha Restaurante,restaurants,98,0.0,0,0
525,Felice e Maria,restaurants,153,0.0,0,0
525,Bar e Lanchonete Quatá,restaurants,196,0.0,0,0
525,Dujule,bakeries,131,0.0,0,0
102,Caluma Gastronomia,restaurants,240,3.6,7,3
102,Restaurante Marajó,restaurants,86,4.0,1,0
102,Rangos Restaurante,restaurants,122,3.3,3,1
102,Ristorante La Pasta & Formaggio,restaurants,194,4.5,2,0
102,Armazém Morumbi,restaurants,181,4.5,2,0
102,Segredo dos Pães,restaurants,197,3.0,1,0
102,Galpão Restaurante,restaurants,172,3.5,2,1
102,Creperia Paulista,restaurants,215,0.0,0,0
102,Ladrilho Gastronomia,restaurants,205,0.0,0,0
102,Subway,restaurants,240,0.0,0,0
102,Panificadora União Fialense,bakeries,102,4.0,1,2
102,Segredo dos Pães,bakeries,197,3.0,1,0
435,Sarumon,restaurants,159,4.8,8,2
435,Hecho En México,restaurants,225,3.5,26,2
435,Le Bou,restaurants,164,4.3,3,2
435,Barbearia Corleone,restaurants,184,4.0,2,3
435,Pequim 2000,restaurants,92,0.0,0,0
435,Gastroarte,restaurants,179,5.0,1,0
435,Renato 167,restaurants,240,4.0,1,0
435,Casa Lema,restaurants,185,0.0,0,0
435,Grelhao Churrascaria & Delivery,restaurants,165,0.0,0,0
435,Restaurante Brunetto,restaurants,181,3.0,1,0
435,Panificadora e Rotisserie Lareira,bakeries,164,4.0,1,1
474,Al Árabe,restaurants,219,4.4,7,2
474,Aya Japanese Cuisine,restaurants,73,3.7,6,0
474,Sushibol,restaurants,96,3.8,6,2
474,Alshekh,restaurants,198,4.6,7,1
474,Maria Gourmet,restaurants,103,4.3,7,1
474,Taberna 474,restaurants,159,4.3,4,3
474,La Trattoria Cantina Italiana,restaurants,176,4.5,4,2
474,Holy Crepe,restaurants,139,3.8,5,1
474,Bella mari,restaurants,200,4.3,4,2
474,Rosmarino,restaurants,135,4.7,3,3
474,Doceira Húngara,bakeries,101,0.0,0,0
474,Panificadora San Siro,bakeries,256,0.0,0,3
87,Spot,restaurants,139,4.2,46,3
87,Hakka Sushi,restaurants,100,3.9,17,4
87,Starbucks,restaurants,243,3.9,17,1
87,Mate Por Favor,restaurants,257,4.6,10,1
87,Pirajá,restaurants,195,4.3,7,2
87,A Griffe do Filé Magnon,restaurants,150,4.3,4,1
87,Restaurante Arabesco,restaurants,34,0.0,0,0
87,La Arena Parrilla,restaurants,120,5.0,2,0
87,Manteigaria Lisboa,restaurants,194,3.6,7,1
87,Bob's,restaurants,84,3.0,4,1
87,Rei do Mate,coffee,161,4.0,2,1
87,Café do Ponto,coffee,258,4.5,2,2
87,Xodó da Paulista Restaurante e Lanches,bakeries,113,4.2,10,2
87,Manteigaria Lisboa,bakeries,194,3.6,7,1
87,Empório Arte Nata,bakeries,204,4.0,1,2
87,Amor Aos Pedaços,bakeries,184,0.0,0,0
87,Doceira e Confeitaria Gnt,bakeries,258,0.0,0,0
87,Paind France,bakeries,262,0.0,0,0
248,Lanchonete das Letras - Usp,restaurants,51,4.0,2,0
248,Barraquinha da Sociais,restaurants,159,4.7,3,0
248,Restaurante da Poli,restaurants,160,4.0,1,0
248,Krok Alimentos,restaurants,163,0.0,0,0
248,Restaurante da História e Geografia,restaurants,163,2.5,2,0
248,Scooby Dog,restaurants,163,3.0,1,0
59,Hirá Ramen Izakaya,restaurants,205,4.2,23,2
59,Tuju,restaurants,200,4.1,21,4
59,Chez Mom,restaurants,69,4.4,9,1
59,Umai,restaurants,15,4.0,4,0
59,Empanadas Bar,restaurants,122,3.8,17,1
59,Ruaa,restaurants,216,4.2,13,2
59,Villa Grano,restaurants,117,3.5,15,2
59,L'Aperô,restaurants,42,2.0,2,0
59,Go Dog,restaurants,169,4.4,5,2
59,Sushi Da Villa,restaurants,69,5.0,1,0
59,Coffee Lab,coffee,140,4.6,94,2
59,Café Moreno,coffee,60,3.0,1,1
297,Bawarchi,restaurants,78,3.9,17,2
297,Ajissai,restaurants,133,4.4,12,2
297,Restaurante Huang,restaurants,193,4.3,8,1
297,Green Dog,restaurants,71,5.0,1,0
297,Dona Tapioca,restaurants,77,4.5,2,1
297,Lanchonete Bom Jesus V,restaurants,61,3.0,1,0
297,Coffee Bean,restaurants,122,5.0,1,1
297,Buffet Villa de Marianna,restaurants,66,0.0,0,0
297,Restaurante Yan Shan,restaurants,202,5.0,1,0
297,Fran's Café,restaurants,201,4.0,2,2
297,Discoteka Cultural,coffee,77,4.0,1,2
297,Panificadora e Doceria Humberto I,bakeries,198,0.0,0,0
405,Café Girondino,restaurants,69,4.1,30,2
405,Hocca Bar,restaurants,239,4.7,26,2
405,Salve Jorge,restaurants,180,4.3,14,2
405,Pedrinho Hot Dog,restaurants,97,4.4,5,0
405,Café São Bento,restaurants,52,4.0,2,0
405,Saúde e Sabor,restaurants,98,3.8,4,1
405,Restaurante Guanabara,restaurants,149,5.0,2,1
405,Morizetti Restaurante,restaurants,38,0.0,0,0
405,Sancho Panza,restaurants,203,4.0,1,1
405,Bovinu's - Beer & Grill,restaurants,176,4.0,1,2
405,Café Girondino,coffee,69,4.1,30,2
405,Shopping Porto Geral,coffee,160,4.4,5,1
405,Mandíbula,coffee,239,3.7,20,2
405,Megamatte Libero Badaró-SP,coffee,225,0.0,0,0
405,Padaria do Mosteiro,bakeries,226,4.0,1,3
405,Pastelaria Reunida,bakeries,119,0.0,0,0
405,Bomboniere Três Irmãos,bakeries,109,0.0,0,0
405,Pastelaria Lanchonete Manly,bakeries,130,0.0,0,0
405,Galeria dos Doces,bakeries,133,0.0,0,0
405,Cantinho do Doce,bakeries,133,0.0,0,0
405,Fábrica de Doces Bombonieri,bakeries,174,0.0,0,0
585,P.F. Chang's,restaurants,69,3.3,24,3
585,NB Steak,restaurants,102,4.2,10,4
585,Brasserie Victoria,restaurants,140,4.4,7,3
585,Salgaderia,restaurants,137,4.6,9,1
585,Boteco São Bento,restaurants,200,3.6,15,2
585,Shigueru,restaurants,211,4.0,4,3
585,Pibus Hamburger,restaurants,116,3.2,6,2
585,Kappa Sushi Bar,restaurants,210,3.8,5,0
585,Fogão de Minas,restaurants,69,0.0,0,0
585,Mcdonald's,restaurants,69,0.0,0,0
585,Jean Et Marie Atelier de Doces,bakeries,151,0.0,0,0
18,Manish Restaurante,restaurants,158,4.4,9,2
18,"JAM - Japanese Food, Arts & Music",restaurants,171,4.7,6,3
18,Sallvattore,restaurants,149,4.3,6,3
18,My Temaki,restaurants,146,4.3,8,2
18,Loup Restaurante,restaurants,236,5.0,3,0
18,Sassá Sushi,restaurants,225,3.8,9,3
18,Sakeria,restaurants,92,3.5,2,1
18,Espírito Santo,restaurants,221,3.7,6,3
18,Matriz Mineira,restaurants,137,5.0,1,2
18,Red Steak & Burger,restaurants,130,3.0,2,3
18,M e M Patisserie e Café,bakeries,190,0.0,0,0
119,Praça São Lourenço,restaurants,206,4.3,18,3
119,Corleone Barbeer,restaurants,122,5.0,2,2
119,Sterna Café,restaurants,178,5.0,2,1
119,99 Bar,restaurants,92,1.0,1,0
119,La Piadina,restaurants,261,4.0,1,3
119,Lanchão Vila Olímpia,restaurants,100,0.0,0,1
119,Pavão Bar e Restaurante,restaurants,151,4.5,2,0
119,Asia House,restaurants,117,0.0,0,0
119,Dominos Pizza,restaurants,94,0.0,0,0
119,Perereca da Vizinha,restaurants,100,0.0,0,0
119,Padaria Villa Imperial,bakeries,155,5.0,1,0
119,Panificadora Santa Olímpia,bakeries,152,3.0,2,0
3,Terracinho,restaurants,73,4.0,1,0
3,Sushikon,restaurants,105,4.0,1,0
3,Tiella,restaurants,105,3.5,2,0
3,Aro 27,restaurants,124,3.3,3,1
3,Santo Gusto Restaurante,restaurants,118,0.0,0,0
3,Eco House,restaurants,201,0.0,0,0
3,Check In Falafel,restaurants,201,3.0,1,0
3,Churrascaria Simpatia Gaúcha,restaurants,152,0.0,0,0
3,Restaurante Comaki,restaurants,162,0.0,0,0
3,Restaurante da Gosto,restaurants,221,0.0,0,0
307,O Batidão,restaurants,25,3.7,3,0
307,Bagdá Café,restaurants,29,0.0,0,0
307,Casa Frios Gijo,restaurants,53,5.0,1,0
307,Demoro Self Service,restaurants,79,0.0,0,0
307,Lanchinho,restaurants,67,0.0,0,0
307,Panda,restaurants,131,5.0,1,0
307,Mpa Produtos Alimentícios,restaurants,120,0.0,0,0
307,Okubo Akira,restaurants,145,0.0,0,0
307,Lanchonete e Pizzaria Dincao Felicita,restaurants,149,0.0,0,0
307,Casa Velha,restaurants,194,0.0,0,0
307,Boutique de Bolachas,coffee,158,3.0,1,0
307,Panificadora Mafra,bakeries,169,0.0,0,0
194,Jardim di Napoli,restaurants,132,4.4,27,2
194,Rota do Acarajé,restaurants,139,4.1,17,2
194,Santo Grão,restaurants,235,4.4,9,1
194,Lanchonete New York,restaurants,19,0.0,0,0
194,Frutos do Mar Prainha,restaurants,137,4.0,1,2
194,Via Castelli,restaurants,172,5.0,1,2
194,Jardim de Nápoli,restaurants,235,4.5,2,3
194,Restaurante Barão,restaurants,130,0.0,0,2
194,Nova Barão,restaurants,96,0.0,0,0
194,Giacomo,restaurants,199,2.5,2,2
194,Santo Grão,coffee,235,4.4,9,1
194,TeaHub,coffee,175,0.0,0,0
194,Lord Pães e Doces,bakeries,56,4.0,1,0
194,La Bucai,bakeries,133,5.0,1,3
194,Havanna Café,bakeries,164,0.0,0,2
154,Cantina Dangelo,restaurants,181,4.5,2,4
154,Café Revistaria Inglez,restaurants,112,0.0,0,0
154,Kiosque Express Disk Pizza,restaurants,150,0.0,0,0
154,Bar e Lanches Leve,restaurants,151,0.0,0,0
154,Paes e Doces Humaitá,bakeries,146,0.0,0,0
154,Central São Joaquim Panificadora,bakeries,139,0.0,0,0
154,Novaes Washington A,bakeries,155,0.0,0,0
629,Restaurante Varandinha,restaurants,47,4.2,5,3
629,Gioconda Heleniká,restaurants,84,4.8,4,2
629,Mexicaníssimo,restaurants,170,3.9,15,2
629,Angeline - Berrini,restaurants,41,4.0,2,0
629,Rango's,restaurants,38,3.7,3,0
629,Le Pastel,restaurants,13,4.0,1,0
629,Torniamo Restaurante,restaurants,85,3.5,6,2
629,café.combiscoito,restaurants,22,3.0,1,0
629,Kii Cozinha Japonesa,restaurants,85,4.0,2,0
629,Banana's Juice,restaurants,149,4.0,3,1
629,Starbucks,coffee,58,3.0,4,2
629,Dolce Perfetto Comércio Doces,bakeries,246,5.0,1,0
15,Rufino's,restaurants,181,4.4,14,4
15,Empório Santa Maria,restaurants,86,4.2,11,2
15,PÃO,restaurants,49,0.0,0,0
15,Consulado Mineiro,restaurants,116,4.3,3,0
15,Eñe Restaurante,restaurants,25,2.5,2,4
15,Corrientes 348,restaurants,169,4.0,1,0
15,Bistro L'entrecote D'olivier,restaurants,173,4.2,6,4
15,Dhaigo,restaurants,191,3.8,6,3
15,Nazca Restobar,restaurants,260,5.0,1,2
15,Lanchonete Mocidade Europa,restaurants,52,0.0,0,0
15,PÃO,bakeries,49,0.0,0,0
15,Nova Pão Kent Padaria e Confeitaria Ltda.,bakeries,83,0.0,0,2
15,Nova Pão Kent,bakeries,83,0.0,0,0
15,Nova Pão Kente Padaria e Confeitaria L,bakeries,83,0.0,0,0
15,Jelly Bread,bakeries,144,0.0,0,2
15,Paes e Doces Jardim Europa,bakeries,172,0.0,0,0
566,Milk & Mellow Burgers,restaurants,167,3.8,12,2
566,Sallvattore,restaurants,175,4.3,6,3
566,Loup Restaurante,restaurants,213,5.0,3,0
566,Daya & Ture,restaurants,245,4.5,4,2
566,Lima Restobar,restaurants,262,5.0,1,0
566,Colher de Pau,restaurants,236,3.4,5,2
566,Riso Restaurante,restaurants,240,5.0,1,0
566,Bar do Alemão,restaurants,234,3.5,4,3
566,Original Shundi,restaurants,242,4.0,1,0
566,La Pasta & Formaggio,restaurants,245,0.0,0,2
566,Empório Itaim,bakeries,102,3.5,2,2
85,America Burger - Paulista,restaurants,196,3.7,31,2
85,Admiral's Place,restaurants,221,4.4,9,3
85,Balaio IMS,restaurants,73,4.7,3,0
85,Sal Gastronomia,restaurants,219,4.2,17,4
85,Tuella,restaurants,84,4.7,3,1
85,Recanto da Consolação,restaurants,195,4.0,5,1
85,Barões do Café,restaurants,149,4.3,3,1
85,Coffe Corner,restaurants,143,4.0,1,1
85,Lisboa Grill,restaurants,140,4.5,2,1
85,Orange Point,restaurants,158,4.1,8,1
85,Barões do Café,coffee,149,4.3,3,1
85,Lisboa Grill,bakeries,140,4.5,2,1
587,Hakka Sushi,restaurants,69,3.9,17,4
587,Spot,restaurants,168,4.2,46,3
587,Starbucks,restaurants,223,3.9,17,1
587,Mate Por Favor,restaurants,236,4.6,10,1
587,A Griffe do Filé Magnon,restaurants,117,4.3,4,1
587,Pirajá,restaurants,183,4.3,7,2
587,La Arena Parrilla,restaurants,89,5.0,2,0
587,Bob's,restaurants,66,3.0,4,1
587,Manteigaria Lisboa,restaurants,153,3.6,7,1
587,Banana Split,restaurants,139,3.8,6,1
587,Rei do Mate,coffee,134,4.0,2,1
587,Café do Ponto,coffee,236,4.5,2,2
587,Xodó da Paulista Restaurante e Lanches,bakeries,82,4.2,10,2
587,Manteigaria Lisboa,bakeries,153,3.6,7,1
587,Empório Arte Nata,bakeries,196,4.0,1,2
587,Amor Aos Pedaços,bakeries,155,0.0,0,0
587,Doceira e Confeitaria Gnt,bakeries,236,0.0,0,0
587,Paind France,bakeries,228,0.0,0,0
198,Pinati,restaurants,173,4.2,5,0
198,Lenharetto,restaurants,162,3.8,4,2
198,Sevilla,restaurants,193,0.0,0,1
198,Bar e Lanches Bardalinhois,restaurants,116,0.0,0,0
198,Buffet Esplêndido,restaurants,221,0.0,0,0
198,Sevilha Doces Paes,bakeries,206,0.0,0,0
198,Angélica Paes Doces,bakeries,222,0.0,0,0
303,Sacra Rolha,restaurants,22,4.5,11,2
303,Gamela Mineira,restaurants,27,4.0,1,2
303,Parrillada Fuego Celeste,restaurants,73,5.0,4,0
303,Zino Adega e Restaurante,restaurants,191,4.1,8,2
303,Genuíno,restaurants,86,3.3,6,2
303,Bistrô 28,restaurants,76,3.5,2,0
303,Quintal do Espeto,restaurants,126,4.0,3,2
303,Don Pancho,restaurants,186,3.2,12,2
303,Arena,restaurants,110,4.0,2,2
303,Suzaku,restaurants,110,3.7,3,2
303,Padaria Confeitaria Charme,bakeries,106,5.0,1,2
303,Amor Aos Pedaços,bakeries,84,0.0,0,0
303,Vovó Lia,bakeries,171,0.0,0,0
303,Padaria Pão Familiar,bakeries,171,0.0,0,0
100,Halim,restaurants,200,4.5,37,2
100,A Chapa,restaurants,178,3.8,25,2
100,Dinho's,restaurants,180,4.8,12,4
100,Burguer Lab,restaurants,19,3.3,4,1
100,Restaurante Boa Saúde Aspargus,restaurants,213,4.6,5,1
100,Café Cultural,restaurants,21,0.0,0,0
100,Caffè Ristoro Casa das Rosas,restaurants,107,5.0,1,1
100,O Vegetariano,restaurants,203,4.5,4,1
100,All Seasons,restaurants,155,4.0,1,1
100,Carmel Gourmet,restaurants,117,5.0,1,0
100,PanAroma Café,coffee,1,5.0,1,3
100,Café Preto,coffee,243,0.0,0,0
100,La Patisserie Café & Delícias,bakeries,151,0.0,0,0
156,Restaurante Manioca,restaurants,115,4.1,14,4
156,Piselli Sud,restaurants,168,4.4,7,4
156,Café Árabe,restaurants,175,4.2,5,2
156,Viena,restaurants,137,4.1,7,1
156,Le Jazz Brasserie - Shopping Center Iguatemi,restaurants,175,3.5,6,3
156,Starbucks,restaurants,132,4.5,2,0
156,Rodeio,restaurants,137,3.7,6,0
156,América,restaurants,112,3.0,5,2
156,Casa de Lanches Frevo,restaurants,137,4.0,1,2
156,Arábia Express,restaurants,137,4.5,2,0
156,A Loja do Chá,coffee,216,0.0,0,0
156,The Coffee Shop,coffee,137,0.0,0,0
156,Café do Centro,coffee,176,0.0,0,0
156,PÃO - Padaria Artesanal Orgânica,bakeries,166,3.0,4,2
156,Banca Minoru,bakeries,137,0.0,0,0
156,Ópera Ganache,bakeries,137,0.0,0,0
156,Padaria Artesanal,bakeries,137,0.0,0,0
156,Pati Piva,bakeries,137,0.0,0,0
553,Madero,restaurants,116,3.7,19,2
553,Abbraccio,restaurants,174,4.1,14,2
553,HUB Food Art Lounge,restaurants,197,4.6,8,2
553,H3,restaurants,69,4.3,3,1
553,Pizza hut,restaurants,52,5.0,1,0
553,Not guilty,restaurants,75,4.0,1,0
553,Alpendre Burguer & Beer Pub,restaurants,172,4.0,4,3
553,Mawari,restaurants,125,4.2,5,3
553,The Original: Dogs & Shakes,restaurants,105,4.0,2,2
553,Baked Potato,restaurants,97,4.0,1,0
553,Pandaréu,coffee,98,4.0,2,2
553,Roos Café,coffee,175,0.0,0,0
553,Coffe House,coffee,197,0.0,0,0
553,Il Barista,coffee,134,2.5,2,3
553,Le Pain Quotidien,bakeries,118,3.5,12,2
553,B.LEM,bakeries,96,3.0,1,2
553,Jelly Bread,bakeries,69,0.0,0,0
553,Cristallo,bakeries,158,4.0,1,3
553,Padoca.,bakeries,92,3.0,2,0
553,Amor Aos Pedaços,bakeries,135,0.0,0,0
91,Café Creme,restaurants,61,4.0,13,2
91,Cinema Reserva Cultural,restaurants,123,4.4,23,1
91,Ráscal,restaurants,142,4.0,15,2
91,Restaurante Pub Kei,restaurants,90,3.9,17,3
91,À Mineira,restaurants,223,3.9,18,2
91,Burger Joint,restaurants,64,3.2,10,2
91,Izakaya Bueno,restaurants,152,3.7,17,3
91,Shanghai,restaurants,159,4.8,5,1
91,Puerto Del Toro,restaurants,74,4.0,2,2
91,Mc Donald's,restaurants,13,3.0,5,3
91,Starbucks,coffee,64,3.3,3,2
91,McCafé,coffee,13,0.0,0,1
91,Fnac Café by Fran's,coffee,117,3.7,3,2
91,Big Pastel,bakeries,39,0.0,0,0
91,Pain de France,bakeries,111,2.7,3,2
91,Empório Amino,bakeries,215,3.5,2,2
357,Sweden,restaurants,145,3.5,2,3
357,Lanchonete Rainha Saladas,restaurants,195,0.0,0,0
357,Restaurante do Ime,restaurants,180,1.8,4,0
216,Bovinu's,restaurants,121,4.5,21,3
216,Underdog Meat & Beers,restaurants,209,4.6,29,1
216,Jacarandá,restaurants,224,4.1,15,3
216,011 gastronomia,restaurants,223,4.5,4,2
216,Jun Sakamoto,restaurants,155,4.0,8,4
216,Bar General,restaurants,154,3.7,7,2
216,Dona Conceição,restaurants,144,4.0,1,2
216,Sweet Café,restaurants,141,5.0,3,1
216,PICCO,restaurants,197,5.0,1,0
216,M M Grill,restaurants,58,0.0,0,0
216,CPL Pães e Doces,bakeries,232,4.7,3,0
216,Braspan,bakeries,132,0.0,0,0
222,Pasquale Cantina,restaurants,119,4.4,9,2
222,Peixaria Bar e Venda,restaurants,106,4.3,16,2
222,Maha Mantra,restaurants,218,4.6,13,2
222,Di Fondi Pizza,restaurants,23,0.0,0,0
222,Vila Seu Justino,restaurants,179,3.6,11,2
222,Ó do Borogodó,restaurants,183,4.3,15,2
222,Jardim das Delícias,restaurants,129,4.7,3,2
222,Ícone GastroRock,restaurants,141,5.0,3,3
222,Alternativa Casa do Natural,restaurants,197,4.1,10,2
222,Pau Brasil,restaurants,13,0.0,0,0
222,Takkø Café,coffee,142,0.0,0,0
35,KAÁ,restaurants,67,4.4,35,4
35,Pizzaria Camelo,restaurants,174,4.4,8,2
35,Glória Bar,restaurants,31,2.0,1,2
35,Madero,restaurants,209,3.8,13,2
35,Márcia Faccio,restaurants,33,0.0,0,0
35,Sagrado Bar e Café,restaurants,34,0.0,0,0
35,Boloccino,restaurants,54,3.0,2,1
35,Yucatan,restaurants,127,3.3,4,2
35,Maria Tapioca,restaurants,67,0.0,0,0
35,Marina Gastropub,restaurants,105,0.0,0,0
35,Indústria Panificação Bibi,bakeries,149,0.0,0,0
35,Padaria Jesbell,bakeries,163,0.0,0,0
181,Terenos,restaurants,51,4.5,2,0
181,Arte Rei do Pastel,restaurants,68,5.0,1,0
181,Coconut Brasil,restaurants,129,3.1,11,1
181,Panela da Cecília,restaurants,52,2.6,5,2
181,Siga La Vaca,restaurants,188,3.5,11,2
181,Toshiro Sushi,restaurants,246,4.0,8,2
181,Star City,restaurants,213,4.3,4,3
181,Frango com Tudo,restaurants,210,3.3,6,2
181,Carol Coxinhas,restaurants,244,5.0,1,1
181,Esfiha Chic,restaurants,238,3.0,2,1
181,Dona Deola Hospital Santa Isabel,coffee,151,0.0,0,0
181,Mate Mania,coffee,234,0.0,0,0
181,Panificadora Cristalina,bakeries,91,0.0,0,0
181,Doce Paulistano,bakeries,157,0.0,0,0
181,Carue Confeitaria e Padaria,bakeries,180,0.0,0,0
181,Panificadora Estrela de Santa Cecília,bakeries,251,0.0,0,0
28,Pobre Juan,restaurants,62,4.2,14,4
28,348 Parrilla Porteña,restaurants,96,4.2,13,4
28,Torta no Quintal,restaurants,164,4.8,16,1
28,Beyti Restaurante,restaurants,23,4.3,3,0
28,Darín Omeletes,restaurants,17,5.0,1,0
28,Enoteca Saint Vin Saint,restaurants,227,5.0,6,3
28,Maracujá Bistrô,restaurants,28,4.0,1,0
28,Eurobike Café,restaurants,47,5.0,1,0
28,Panificadora Styllos,restaurants,114,4.3,3,1
28,Bárbaro,restaurants,234,4.2,5,0
28,Palácio e Palácios,coffee,122,0.0,0,0
28,Panificadora Styllos,bakeries,114,4.3,3,1
28,Natural da Terra,bakeries,221,4.0,1,0
189,Bazar da Pizza,restaurants,130,4.3,7,2
189,America Eldorado,restaurants,125,5.0,3,2
189,Capisce?,restaurants,203,4.1,7,1
189,Marach,restaurants,132,4.0,3,2
189,Vecchio Torino,restaurants,186,5.0,3,3
189,Maria Gourmet,restaurants,242,4.3,7,1
189,Grão Expresso,restaurants,105,4.0,1,2
189,Salsa Restaurante,restaurants,203,4.5,2,2
189,Pecorino Bar e Tratoria,restaurants,203,4.5,4,0
189,Rosmarino,restaurants,228,4.7,3,3
189,Aranha Barbosa Cafés Especiais,coffee,106,0.0,0,0
189,Padaria Tupinambá,bakeries,131,4.0,1,1
599,Bar da Dona Onça,restaurants,153,3.9,64,3
599,Por Um Punhado de Dólares,restaurants,187,4.6,40,1
599,La Central,restaurants,141,3.9,29,3
599,Restaurante Lollita,restaurants,23,4.0,1,2
599,Bia Hoi SP Vietpub,restaurants,89,3.8,6,2
599,James Cafeteria,restaurants,63,5.0,1,1
599,Lollita,restaurants,28,0.0,0,0
599,Carlino,restaurants,84,4.0,2,3
599,Santa Efigênia,restaurants,141,3.4,9,1
599,Eco Mercato,restaurants,97,4.7,3,0
599,Por Um Punhado de Dólares,coffee,187,4.6,40,1
599,Café Floresta,coffee,97,4.2,12,1
599,Café Galícia,coffee,113,3.5,4,2
599,Santa Efigênia,bakeries,141,3.4,9,1
599,Panificadora Consolação,bakeries,175,0.0,0,0
599,Sweet Point,bakeries,223,0.0,0,0
309,Bullguer Vila Nova Conceição,restaurants,120,3.9,28,1
309,Frutaria São Paulo,restaurants,194,3.8,18,2
309,Kosho,restaurants,236,4.8,6,3
309,Empório Frutaria,restaurants,104,4.4,9,3
309,Mytho,restaurants,160,5.0,1,0
309,Cervejaria Patriarca,restaurants,106,3.5,2,0
309,Restaurante America,restaurants,179,2.0,1,0
309,Sala Vip,restaurants,127,0.0,0,0
309,Carambolla,restaurants,208,0.0,0,0
309,Villa Lucchese,restaurants,249,0.0,0,0
309,Pão de Festa,bakeries,50,0.0,0,0
309,Sabor Família By Lange S,bakeries,130,0.0,0,0
309,Pellegrino Pães & Doces,bakeries,186,3.5,2,0
126,Bráz,restaurants,239,4.4,18,3
126,Jambu,restaurants,268,2.5,2,2
126,Bles Dor,restaurants,115,3.0,4,2
126,V.Bistrô,restaurants,214,0.0,0,0
126,Padoca di Napoli,restaurants,137,0.0,0,1
126,locamob.com.br,restaurants,226,0.0,0,0
126,Os Gauless,restaurants,164,0.0,0,0
126,Sotaque Afrodisiaco,restaurants,208,0.0,0,0
126,Cia da Pizza,restaurants,162,0.0,0,0
126,La Torrelli Pizzaria,restaurants,218,0.0,0,0
126,Doceria Holandesa,bakeries,259,0.0,0,0
475,Lins Sushi,restaurants,16,4.0,1,2
475,Padaria e Confeitaria Palmeiras,restaurants,157,3.5,2,1
475,Praça da Alimentação - Hirota,restaurants,159,4.0,1,1
475,Bar Lanches Sabores,restaurants,94,0.0,0,0
475,Esquina da Lins Sushi Bar,restaurants,204,0.0,0,0
475,Lanchonete Flor Marechal,restaurants,130,0.0,0,0
475,Lancheteria Lanche Bem,restaurants,140,0.0,0,0
475,Bar e Lanches Brigadeiro Galvão,restaurants,219,0.0,0,0
475,Iracema Pães e Doces,bakeries,57,2.7,7,2
475,Padaria e Confeitaria Palmeiras,bakeries,157,3.5,2,1
475,Praça da Alimentação - Hirota,bakeries,159,4.0,1,1
590,Alshekh,restaurants,62,4.6,7,1
590,Nello's Cantina e Pizzaria,restaurants,122,4.1,12,2
590,Na Garagem,restaurants,230,4.4,29,1
590,La Trattoria Cantina Italiana,restaurants,70,4.5,4,2
590,Fast Berlin,restaurants,221,4.5,15,2
590,Bella mari,restaurants,56,4.3,4,2
590,Al Árabe,restaurants,184,4.4,7,2
590,I Bistrot,restaurants,63,4.7,3,1
590,Novo Caviar Lanchonete,restaurants,81,4.0,1,1
590,Sushibol,restaurants,127,3.8,6,2
590,Doceira Húngara,bakeries,199,0.0,0,0
387,Marie-Madeleine,bakeries,179,0.0,0,0
467,Torta no Quintal,restaurants,209,4.8,16,1
467,Enoteca Saint Vin Saint,restaurants,213,5.0,6,3
467,Dublin Live Music,restaurants,119,4.0,9,2
467,Kiichi - Itaim,restaurants,84,4.0,6,3
467,Bar do Arnesto,restaurants,77,4.0,3,2
467,Herdade Restaurante,restaurants,41,3.3,4,1
467,Calle 54,restaurants,41,0.0,0,0
467,Bistrô Faria Lima,restaurants,93,3.1,8,3
467,Original Burger,restaurants,74,1.0,1,0
467,Pasta d'autori,restaurants,139,4.0,1,0
467,Dona Chocolateira,coffee,196,4.3,6,2
467,Café Voyage,coffee,189,3.0,2,0
467,Sinhazinha,bakeries,92,0.0,0,0
319,Speranza,restaurants,140,4.1,10,2
319,Restaurante Koban,restaurants,210,3.8,13,2
319,Aoyama,restaurants,207,3.8,17,3
319,Restaurante Sapporo,restaurants,56,4.0,1,0
319,Lanchonete Big Big Iii,restaurants,7,0.0,0,0
319,Rinconcito Peruano,restaurants,212,4.1,7,2
319,Osaka Restaurante,restaurants,139,3.8,5,3
319,Applebee's Grill + Bar,restaurants,221,3.2,14,2
319,Tony Roma's,restaurants,199,3.3,15,3
319,Big X Picanha,restaurants,36,0.0,0,0
319,Casa Mathilde,coffee,130,3.8,6,2
319,Barão do Café,coffee,101,0.0,0,0
319,Casa Mathilde,bakeries,130,3.8,6,2
319,Jorial,bakeries,147,0.0,0,0
319,O Rei do Pastel,bakeries,166,0.0,0,0
319,Flávio Federico Dolci,bakeries,222,0.0,0,0
73,Uo Katsu,restaurants,111,4.4,5,2
73,Na Janela,restaurants,138,5.0,1,0
73,Mcdonald's,restaurants,188,0.0,0,1
73,Lanches Lombier,restaurants,197,0.0,0,0
73,Coffe Breack,restaurants,186,0.0,0,0
73,Lanchonete Macedo,restaurants,186,0.0,0,0
143,Boteco São Bento,restaurants,49,3.6,15,2
143,Pão com Carne,restaurants,245,4.6,19,1
143,Salgaderia,restaurants,112,4.6,9,1
143,Kitchin,restaurants,66,4.7,6,0
143,Lemony Café,restaurants,47,4.0,1,2
143,Kappa Sushi Bar,restaurants,85,3.8,5,0
143,Bloody Hell Burger,restaurants,16,0.0,0,0
143,Sapporo,restaurants,228,5.0,4,3
143,Imakay,restaurants,107,4.3,3,0
143,Um Coffee Co.,restaurants,55,4.0,1,0
143,Mega Matte,coffee,193,0.0,0,0
143,Doceria Yara,bakeries,28,0.0,0,0
143,Goodies,bakeries,82,0.0,0,0
143,Uno & Due Itaim,bakeries,149,0.0,0,0
143,Docemotivo,bakeries,163,0.0,0,0
143,Japa Doce,bakeries,152,0.0,0,0
5,Comedoria,restaurants,127,4.4,5,1
5,Los Jappas,restaurants,187,4.0,2,1
5,Bar e Lanches 103,restaurants,52,0.0,0,0
5,Damasco Buffet e Catering,restaurants,100,0.0,0,0
5,Lanchonete Harmonia,restaurants,125,0.0,0,0
5,Restaurante do Jardim,restaurants,209,3.0,1,0
5,Butantã Gril,restaurants,164,0.0,0,0
5,Terra Roxa Lanchonete,restaurants,205,3.0,1,0
5,Trios Lanches,restaurants,213,0.0,0,0
5,Bar e Lanches Medeiros,restaurants,230,0.0,0,0
5,Mareloi,bakeries,149,0.0,0,0
124,Carline,restaurants,36,2.5,2,0
124,Pecorino Bar & Trattoria Vila Nova,restaurants,114,4.0,3,0
124,Le Pain Quotidien,restaurants,197,3.7,3,2
124,A Pracinha,restaurants,116,4.0,2,2
124,habib's,restaurants,135,0.0,0,0
124,Sahy,restaurants,181,3.0,1,0
124,Frans Café,restaurants,162,0.0,0,0
124,Corcoran,restaurants,180,0.0,0,0
124,Cinga Pura,restaurants,189,0.0,0,0
124,Habibs,restaurants,142,0.0,0,0
124,Sodiê Doces,coffee,177,4.0,1,0
124,Bolo ao Forno,coffee,188,4.0,1,0
124,B.LEM,bakeries,231,4.8,4,2
124,Le Pain Quotidien,bakeries,197,3.7,3,2
124,Amor Aos Pedaços,bakeries,151,0.0,0,0
370,Dueto Restaurante,restaurants,208,0.0,0,2
370,Granville Paes e Doces,bakeries,223,0.0,0,0
162,Outback Steakhouse,restaurants,183,4.6,9,2
162,La Lupa,restaurants,20,4.0,1,0
162,Zeffiro Restaurante e Rotisseria,restaurants,210,3.8,11,2
162,North Bar e Grill,restaurants,170,4.0,1,3
162,H3,restaurants,94,0.0,0,0
162,Latife,restaurants,170,4.0,2,1
162,Scada Café,restaurants,118,4.0,1,0
162,Frey Café & Coisinhas,restaurants,215,2.8,4,2
162,Temakeria e Cia,restaurants,170,3.0,1,2
162,Comida Nativa,restaurants,97,0.0,0,0
162,Starbucks,coffee,181,4.0,4,2
162,Amor Aos Pedaços,bakeries,180,5.0,2,1
178,Terraço Itália,restaurants,57,4.0,44,4
178,A Casa do Porco Bar,restaurants,172,4.5,85,3
178,Bar da Dona Onça,restaurants,161,3.9,64,3
178,La Central,restaurants,170,3.9,29,3
178,JazzB,restaurants,192,4.8,9,2
178,Esther Rooftop,restaurants,121,4.4,11,3
178,Panela de Ouro,restaurants,83,4.3,3,1
178,Almanara,restaurants,74,3.8,4,2
178,California,restaurants,114,4.4,5,2
178,Bom Gusto,restaurants,43,4.0,1,0
178,Café Floresta,coffee,215,4.2,12,1
178,Café Casade Café,coffee,103,0.0,0,0
178,sotto café,coffee,191,3.5,2,2
178,Santa Efigênia,bakeries,170,3.4,9,1
178,Ingrid Paes e Doces,bakeries,72,0.0,0,0
178,Mundo Pão do Olivier,bakeries,145,3.5,4,2
178,Sweet Point,bakeries,115,0.0,0,0
296,Jazz Restô & Burgers,restaurants,38,3.8,17,2
296,Sorveteria e Lanchonete Ypê,restaurants,39,4.2,10,2
296,Prime Dog,restaurants,169,3.4,18,1
296,Barbirô Bar e Restaurante,restaurants,96,2.7,6,2
296,Domênica Café,restaurants,96,4.0,1,0
296,Lanchonete Estrela da Ana Rosa,restaurants,96,4.0,1,0
296,Subway,restaurants,186,5.0,1,0
296,Giraffas,restaurants,65,0.0,0,0
296,Café do Largo,restaurants,64,0.0,0,0
296,Divina Estação,restaurants,137,0.0,0,0
296,Lanchonete Mishima,bakeries,32,0.0,0,0
296,Melonpan,bakeries,107,3.0,1,0
296,Ponto 30,bakeries,137,3.0,1,1
296,Confeitaria Monte Líbano,bakeries,106,0.0,0,0
243,Sweden,restaurants,170,3.5,2,3
125,Kosho,restaurants,133,4.8,6,3
125,Burguer king,restaurants,224,4.3,4,1
125,Le Pain Quotidien,restaurants,235,3.7,3,2
125,Planet Party Buffet,restaurants,175,0.0,0,0
125,Buffet Magic Box,restaurants,209,0.0,0,0
125,Bite Me,restaurants,158,0.0,0,0
125,Lanchonete Nova Conceição,restaurants,224,0.0,0,0
125,Forma de Pudim,bakeries,86,5.0,1,1
125,Le Pain Quotidien,bakeries,235,3.7,3,2
125,Artes em Doces,bakeries,84,0.0,0,0
125,Pellegrino Pães & Doces,bakeries,153,3.5,2,0
304,Quintal do Braz,restaurants,161,4.5,26,2
304,Taverna Medieval,restaurants,161,5.0,4,3
304,Hora do Lanche,restaurants,36,0.0,0,0
304,Panificadora União Paulista,restaurants,144,3.0,1,1
304,Pastel Croc 30,restaurants,253,3.2,6,2
304,Kina da Vila - Espeto & Cia,restaurants,236,3.3,3,2
304,Per Paolo Vila Mariana,restaurants,205,0.0,0,0
304,Cantina e Restaurante Scorzza,restaurants,174,0.0,0,0
304,Rotisserie Franguito,restaurants,185,0.0,0,0
304,Pizzaria Castelinho,restaurants,203,0.0,0,0
304,Panificadora União Paulista,bakeries,144,3.0,1,1
411,Starbucks Coffee,restaurants,192,3.6,18,2
411,Hiro Shopping Eldorado,restaurants,220,4.0,6,2
411,Ibiza,restaurants,220,4.5,2,2
411,Go Natural,restaurants,178,4.0,1,1
411,Starbucks,restaurants,135,3.2,5,0
411,Baked Potato,restaurants,203,0.0,0,0
411,Subway - Shop. Eldorado,restaurants,220,2.5,2,0
411,Casa do Pão de Queijo,restaurants,199,0.0,0,0
411,Wraps,restaurants,220,0.0,0,0
411,Rei do Mate,restaurants,220,0.0,0,0
411,Starbucks Coffee,coffee,192,3.6,18,2
411,Starbucks,coffee,135,3.2,5,0
411,Doceira Holandesa,bakeries,220,0.0,0,0
411,Doceria Ofner,bakeries,220,0.0,0,3
140,ICI Brasserie,restaurants,110,4.0,22,3
140,Spot,restaurants,185,4.7,10,3
140,Varanda,restaurants,164,4.4,5,3
140,General Prime Burger,restaurants,176,3.2,13,2
140,Jardim De Napoli JK iguatemi,restaurants,87,5.0,1,3
140,Santo Grão,restaurants,58,4.0,1,0
140,Rizzo Gourmet JK,restaurants,121,5.0,1,1
140,Almanara,restaurants,144,3.7,3,3
140,Divino Fogão,restaurants,58,3.0,2,0
140,Le Manjue Café,restaurants,136,5.0,1,0
140,Starbucks,coffee,188,4.0,3,2
140,Suplicy Cafés Especiais,coffee,155,0.0,0,0
140,O Melhor Bolo de Chocolate do Mundo,bakeries,58,0.0,0,0
140,Chocolat Du Jour,bakeries,58,0.0,0,3
522,Side,restaurants,74,4.3,16,3
522,Due Cuochi Cucina,restaurants,247,4.3,27,3
522,Cachoeira Tropical,restaurants,63,4.7,6,1
522,Tatá Sushi,restaurants,63,4.3,3,0
522,Ohka,restaurants,193,4.8,17,4
522,Modern Mamma Osteria,restaurants,200,4.5,11,0
522,Cantaloup,restaurants,194,4.0,9,3
522,Fry's,restaurants,23,3.0,2,0
522,Ritz,restaurants,269,3.9,11,2
522,Madureira Sucos,restaurants,126,4.3,15,2
522,Mr Baker,bakeries,248,3.9,19,2
522,Doce Mania,bakeries,174,5.0,1,2
522,Saint Germain,bakeries,259,5.0,1,3
522,Padaria e Confeitaria Estrela do Dia,bakeries,216,0.0,0,1
117,Abbraccio,restaurants,96,4.1,14,2
117,Madero,restaurants,128,3.7,19,2
117,Mawari,restaurants,109,4.2,5,3
117,Asia House - Vila Olímpia,restaurants,133,4.0,4,1
117,H3,restaurants,169,4.3,3,1
117,Villa Felice Restaurante,restaurants,153,4.3,4,2
117,The Original: Dogs & Shakes,restaurants,126,4.0,2,2
117,Outback Steakhouse,restaurants,94,3.0,2,2
117,Vila Gourmet,restaurants,92,3.0,2,1
117,King Döner Kebaberia,restaurants,95,5.0,1,0
117,Pandaréu,coffee,136,4.0,2,2
117,Il Barista,coffee,150,2.5,2,3
117,Le Pain Quotidien,bakeries,123,3.5,12,2
117,Cristallo,bakeries,97,4.0,1,3
117,Amor Aos Pedaços,bakeries,94,0.0,0,0
117,B.LEM,bakeries,153,3.0,1,2
117,Jelly Bread,bakeries,172,0.0,0,0
26,HUB Food Art Lounge,restaurants,136,4.6,8,2
26,Tantra,restaurants,125,3.5,15,3
26,Alpendre Burguer & Beer Pub,restaurants,161,4.0,4,3
26,Parrilla São José,restaurants,163,4.6,5,3
26,Tempero da Villa,restaurants,56,4.0,2,0
26,Empório Ravioli,restaurants,158,4.3,3,4
26,Jow Sushi Bar,restaurants,152,3.3,6,2
26,Crepes & Waffles - Shopping Vila Olímpia,restaurants,162,4.0,1,2
26,Wheelz Gastronomia Urbana,restaurants,93,3.5,2,1
26,Galeto's,restaurants,160,3.0,3,2
26,Coffe House,coffee,136,0.0,0,0
207,Chez Oscar,restaurants,22,4.3,21,3
207,Vento Haragano,restaurants,112,4.5,50,4
207,Town,restaurants,14,4.2,9,2
207,Manzua,restaurants,44,4.0,3,2
207,Mori Ohta Sushi,restaurants,187,3.9,46,3
207,Marcel,restaurants,190,4.1,11,3
207,A Chapa,restaurants,208,3.8,13,2
207,Duplex Bistrot,restaurants,8,0.0,0,0
207,Amsterdam Bistrô Café,restaurants,55,3.7,3,2
207,Ristorantino,restaurants,222,4.1,9,0
207,Leckerhaus,coffee,159,4.2,12,2
207,Amsterdam Bistrô Café,coffee,55,3.7,3,2
207,Fazenda Floresta,coffee,102,0.0,0,0
207,Rarebit Galeria Café,coffee,88,0.0,0,0
207,Antipasti,bakeries,146,5.0,1,2
207,Dengosa Paes e Doces,bakeries,179,4.5,2,1
563,Pizzaria Nacional,restaurants,214,4.5,13,3
563,La Ventana Parrilla,restaurants,36,4.0,1,4
563,Frutaria São Paulo,restaurants,124,3.8,18,2
563,Bullguer Vila Nova Conceição,restaurants,180,3.9,28,1
563,Pé no Parque,restaurants,179,3.9,27,2
563,La Grassa,restaurants,79,4.2,6,3
563,Empório Frutaria,restaurants,174,4.4,9,3
563,Restaurante America,restaurants,65,2.0,1,0
563,Mytho,restaurants,157,5.0,1,0
563,Saikai Sushi,restaurants,80,1.7,3,0
563,Orquídea dos Pássaros Pães e Doces,bakeries,233,3.7,3,2
563,Sabor Família By Lange S,bakeries,183,0.0,0,0
190,Zena Caffè,restaurants,26,4.1,15,3
190,Restaurante Tanit,restaurants,23,5.0,9,0
190,Santo Grão,restaurants,249,4.2,58,2
190,Tartuferia San Paolo,restaurants,17,3.4,8,3
190,Frutaria São Paulo,restaurants,37,3.3,12,2
190,Kouzina,restaurants,177,3.9,31,2
190,Piola,restaurants,199,4.3,10,2
190,Myk,restaurants,117,3.7,26,4
190,Tatou Restaurante,restaurants,25,4.0,1,3
190,Cabana Burger,restaurants,122,3.7,9,2
190,Bacio di Latte,coffee,49,4.7,39,2
190,A Fornada Padaria,bakeries,148,4.0,2,0
190,Bamboleiras,bakeries,105,0.0,0,0
332,Restaurante Raízes,restaurants,16,4.0,2,2
332,Dairin Sushi Bar,restaurants,34,3.7,3,2
332,Rústico,restaurants,32,4.5,2,0
332,Nova Guararapes,restaurants,137,5.0,1,0
332,O Rei na Barriga,restaurants,195,4.0,2,2
332,Varanda Pizza & Esfiha,restaurants,169,4.0,2,1
332,La Sorgente Chena Pizza Bar,restaurants,194,0.0,0,0
332,Rotisserie Muiti Pastas,restaurants,167,0.0,0,0
332,China In Box,restaurants,175,0.0,0,0
332,Iracema Paes e Doce,bakeries,154,4.7,3,2
332,Manhattan Pães e Doces,bakeries,193,4.5,4,2
92,Sushiguen,restaurants,76,4.4,18,3
92,Halabi Shawarma,restaurants,52,4.1,11,1
92,Starbucks,restaurants,22,3.3,4,2
92,Kan,restaurants,82,4.9,7,4
92,Frans Café,restaurants,40,4.0,2,0
92,Restaurante Boa Saúde Aspargus,restaurants,195,4.6,5,1
92,California Coffee,restaurants,70,4.0,2,2
92,Iwama Mercearia,restaurants,11,0.0,0,1
92,Starbucks,restaurants,66,3.5,4,2
92,Blessing,restaurants,29,0.0,0,0
92,Livraria Martins Fontes,coffee,29,4.1,8,2
92,Uno e Due Padaria,bakeries,29,0.0,0,0
92,Arcadas,bakeries,198,4.3,3,2
92,Empório Amino,bakeries,106,3.5,2,2
92,Doce Alegria,bakeries,111,0.0,0,0
187,Modi,restaurants,204,4.5,11,2
187,Roma Ristorante,restaurants,146,5.0,1,0
187,Buffet Menorá,restaurants,132,5.0,2,0
187,Giallo Restaurante,restaurants,132,0.0,0,0
187,Casa do Pão de Queijo,restaurants,136,0.0,0,0
187,kalili,restaurants,142,3.0,1,0
187,Arquitetura do Alimento Buffet,restaurants,208,0.0,0,0
187,Luar de Agosto Café,coffee,171,0.0,0,0
615,Burguer king,restaurants,176,4.3,4,1
615,Felice e Maria,restaurants,77,0.0,0,0
615,Le Sandwich,restaurants,101,0.0,0,0
615,Restaurante Jaber,restaurants,211,4.0,1,1
615,Los Chefs,restaurants,149,3.0,1,3
615,Chamié Gastronomia,restaurants,159,0.0,0,0
615,Le Caipirinha Restaurante,restaurants,142,0.0,0,0
615,Cafeteria Lambreta,restaurants,188,0.0,0,0
615,Bar Lanches Top Love,restaurants,190,0.0,0,0
615,Lanchonete Nova Conceição,restaurants,278,0.0,0,0
169,Sevan,restaurants,161,4.0,1,0
169,Bar e Restaurante Conga,restaurants,86,0.0,0,0
169,Bela Nápoli,restaurants,198,0.0,0,0
169,Bar e Lanches Cajarana,restaurants,117,0.0,0,0
169,Bella Gulla Restaurante,restaurants,145,0.0,0,0
169,Empório do Bacalhau,restaurants,178,0.0,0,0
169,Alo Pizza,restaurants,177,0.0,0,0
169,Lanchonete Kadents,restaurants,235,0.0,0,0
169,R M J,restaurants,221,0.0,0,0
169,Panificadora Palma de Ouro,bakeries,179,3.8,10,2
169,Sweet Point,bakeries,61,0.0,0,0
47,Dalmo Bárbaro,restaurants,88,5.0,1,3
47,Clube Do Temaki,restaurants,77,0.0,0,0
47,Café da Mata,restaurants,97,0.0,0,0
47,Quinta da Gabriel,restaurants,97,3.0,1,0
47,Leques Comércio Alimentos,restaurants,116,0.0,0,0
47,Granito Lanches,restaurants,124,0.0,0,0
47,Café Girassol,restaurants,144,0.0,0,0
47,Bar e Lanches Jardim Paulista,restaurants,172,0.0,0,0
47,Tutti,restaurants,188,0.0,0,0
47,Benjamin A Padaria,bakeries,74,2.5,2,0
47,Empório São Gabriel,bakeries,167,0.0,0,0
136,Sancho Bar y Tapas,restaurants,172,4.2,51,2
136,Gopala Hari,restaurants,100,4.6,31,2
136,Athenas Café e Restaurante,restaurants,148,4.0,48,2
136,Urbe,restaurants,136,4.3,54,1
136,Tollocos,restaurants,68,3.7,20,2
136,Segredos de Minas,restaurants,136,4.1,15,2
136,America Burger - Paulista,restaurants,189,3.7,31,2
136,Maoz Vegetarian,restaurants,116,3.9,22,1
136,Gopala Madhava,restaurants,109,4.3,16,2
136,Saúde e Sabor Restaurante Vegetariano,restaurants,17,3.3,4,1
136,Fran's Café,coffee,261,3.1,10,2
136,Paulista Café Gourmet,coffee,129,0.0,0,0
136,Bella Paulista,bakeries,47,3.9,149,2
136,Ofner - Shopping Center 3,bakeries,130,5.0,2,2
136,Padaria Brasileira,bakeries,98,3.0,6,2
136,SE LAV,bakeries,55,0.0,0,0
136,Augusta Candy,bakeries,124,0.0,0,0
127,Museo Veronica,restaurants,21,4.3,14,2
127,Salvia,restaurants,21,4.0,1,0
127,Bou Tartineria,restaurants,31,4.0,1,0
127,Hitô,restaurants,92,4.3,3,3
127,Bronx SFS,restaurants,120,3.9,7,2
127,Amora,restaurants,44,0.0,0,0
127,Boxixo Carioca,restaurants,143,3.6,8,2
127,Casa do Pão de Queijo,restaurants,27,0.0,0,0
127,BL6 Burger & Lamb,restaurants,238,5.0,2,1
127,"Shahiya Bistrot, Rotisserie e Catering",restaurants,133,3.0,2,2
127,Casa do Pão de Queijo - Moema,coffee,30,3.0,2,2
127,Dengosa de Moema,bakeries,213,4.0,2,2
127,Sabor Família By Lange S,bakeries,165,0.0,0,0
127,Paes e Doces Canário,bakeries,213,0.0,0,0
593,Alpendre Burguer & Beer Pub,restaurants,6,4.0,4,3
593,Empório Ravioli,restaurants,48,4.3,3,4
593,HUB Food Art Lounge,restaurants,159,4.6,8,2
593,Trilha do Trigo,restaurants,18,3.5,2,2
593,Parrilla São José,restaurants,82,4.6,5,3
593,Restaurante Garam Massala,restaurants,36,3.0,1,2
593,Tantra,restaurants,150,3.5,15,3
593,Casa de Grelhados - Bassi,restaurants,245,4.7,3,3
593,Jow Sushi Bar,restaurants,81,3.3,6,2
593,Vila Aroma,restaurants,16,0.0,0,0
593,Coffe House,coffee,159,0.0,0,0
593,Roos Café,coffee,234,0.0,0,0
593,Il Barista,coffee,194,2.5,2,3
593,Villa dos Pães,bakeries,117,4.0,2,2
593,Amor Aos Pedaços,bakeries,255,0.0,0,0
593,Hortelã Bomboniere,bakeries,255,0.0,0,0
196,Conceição Discos & Comes,restaurants,185,4.4,25,1
196,Sotero Cozinha Original,restaurants,160,3.6,11,2
196,Angélica Grill,restaurants,41,2.7,7,3
196,Bar e Lanches Joia do Mondego,restaurants,56,4.0,1,0
196,Bro Burger,restaurants,143,5.0,1,0
196,Mainiti,restaurants,137,4.0,1,0
196,Buffet Esplêndido,restaurants,73,0.0,0,0
196,Laticínio Miquelin Garcia,restaurants,84,0.0,0,0
196,Padaria e Confeitaria Palmeiras,restaurants,222,3.5,2,1
196,Espaço Veneza,restaurants,103,0.0,0,0
196,Isso é Café,coffee,98,0.0,0,0
196,Angélica Paes Doces,bakeries,72,0.0,0,0
196,Padaria e Confeitaria Palmeiras,bakeries,222,3.5,2,1
196,"Nosso Cântaro Pães, Doces & Cia",bakeries,224,0.0,0,0
196,Panificadora Nova das Palmeiras,bakeries,206,0.0,0,0
16,Espaço Araguari,restaurants,250,0.0,0,0
414,Caxiri,restaurants,7,4.9,7,2
414,HM Food,restaurants,37,4.1,7,1
414,Tantra,restaurants,113,4.3,3,2
414,Comedoria,restaurants,126,4.4,5,1
414,Bar das Batidas,restaurants,182,3.8,12,1
414,Los Jappas,restaurants,129,4.0,2,1
414,Mussashino,restaurants,179,4.0,2,2
414,Kaminari Sushi,restaurants,175,5.0,1,2
414,Bar e Restaurante Boteko,restaurants,65,0.0,0,0
414,Maria Farinha Cozinha,restaurants,189,4.0,1,0
414,Panificadora Confeitaria Pinheirense,bakeries,182,0.0,0,0
176,Bar do Mané,restaurants,234,4.1,14,2
176,Restaurante Toledo,restaurants,19,0.0,0,0
176,Comida Brasileira,restaurants,33,0.0,0,0
176,O Rei Chavier,restaurants,18,0.0,0,0
176,Santinho,restaurants,262,4.8,4,0
176,Paribar,restaurants,183,3.2,19,2
176,Restaurante lcaparra,restaurants,76,5.0,1,0
176,Nutrisom Restaurante Natural,restaurants,234,3.9,8,1
176,Super Hot-Dog Usp,restaurants,234,4.8,4,2
176,Pastel da praça,restaurants,187,4.7,3,1
176,Café do Ponto,coffee,95,0.0,0,0
176,All About Cakes,bakeries,234,5.0,1,0
176,Pastelaria Sena,bakeries,97,0.0,0,0
176,Padaria Almeida,bakeries,97,2.0,2,0
176,Pastelaria da Gigia,bakeries,234,0.0,0,0
176,Cristallo,bakeries,234,0.0,0,0
176,Amor Aos Pedaços,bakeries,234,0.0,0,0
176,Bella Regente Padaria E Confeitaria,bakeries,234,2.0,2,0
469,Sala da Sogra,restaurants,187,4.4,9,2
469,Joe Burger,restaurants,57,4.0,3,1
469,O Brazeiro,restaurants,125,3.7,15,2
469,Tortas da Corte,restaurants,153,4.0,1,1
469,Rotisserie do Bó,restaurants,158,4.0,1,0
469,Big Parada Lanchonete,restaurants,61,0.0,0,0
469,Mr. Mill's,restaurants,175,0.0,0,0
469,Khadije,restaurants,159,0.0,0,1
469,Orient House,restaurants,156,3.0,1,2
469,Melodias Bar Lanches,restaurants,98,0.0,0,0
469,Esfiha Chic,bakeries,27,0.0,0,0
469,Doceira Duomo,bakeries,65,0.0,0,0
469,Delícias do Moinho,bakeries,221,2.0,1,2
244,Panificadora Estrela do Butantã,restaurants,148,4.3,8,1
244,Trivial Pizzaria,restaurants,85,4.3,3,0
244,Savana - Churrascaria e Pizzaria,restaurants,60,4.0,1,2
244,Savana,restaurants,77,3.5,2,0
244,Bar do Mateus,restaurants,81,3.0,1,0
244,Sabor da Terra,restaurants,157,4.0,1,0
244,Restaurante e Lanchonete X 2,restaurants,102,0.0,0,0
244,Dom Diego Bar e Petisco,restaurants,208,3.0,1,0
244,Lanchonete Estrelinha,restaurants,243,0.0,0,0
244,Panificadora Estrela do Butantã,bakeries,148,4.3,8,1
244,São Geraldo,bakeries,82,0.0,0,0
605,Kosushi,restaurants,39,3.8,6,3
605,Trattoria,restaurants,107,4.8,8,0
605,Tatu Bola Itaim,restaurants,159,3.8,15,2
605,Jamie's,restaurants,193,3.1,30,2
605,Millesapori Iguatemi,restaurants,24,3.0,1,2
605,The Fifties,restaurants,152,3.6,11,2
605,Marakuthai,restaurants,183,4.3,3,0
605,Viradouro Café,restaurants,40,3.0,2,0
605,Muuburger,restaurants,135,4.0,2,1
605,Milló Restaurante,restaurants,69,0.0,0,0
605,Dona Deola,bakeries,101,3.0,2,2
605,Di Cunto - Itaim Bibi,bakeries,89,1.0,1,0
605,Padaria e Confeitaria Estrela do Dia,bakeries,184,0.0,0,1
9,Restaurante Manioca,restaurants,229,4.1,14,4
9,Starbucks,restaurants,36,4.5,2,0
9,Piselli Sud,restaurants,119,4.4,7,4
9,Scuzzi Risoteria & Grill,restaurants,63,5.0,1,0
9,Café Árabe,restaurants,137,4.2,5,2
9,Viena,restaurants,110,4.1,7,1
9,Le Jazz Brasserie - Shopping Center Iguatemi,restaurants,142,3.5,6,3
9,Rodeio,restaurants,110,3.7,6,0
9,Casa de Lanches Frevo,restaurants,110,4.0,1,2
9,Arábia Express,restaurants,110,4.5,2,0
9,The Coffee Shop,coffee,110,0.0,0,0
9,Café do Centro,coffee,149,0.0,0,0
9,Blue Berry Alimentos,coffee,248,0.0,0,0
9,PÃO - Padaria Artesanal Orgânica,bakeries,215,3.0,4,2
9,Banca Minoru,bakeries,110,0.0,0,0
9,Ópera Ganache,bakeries,110,0.0,0,0
9,Padaria Artesanal,bakeries,110,0.0,0,0
9,Pati Piva,bakeries,110,0.0,0,0
103,Veríssimo Bar,restaurants,217,4.1,19,3
103,Maria Berrini,restaurants,31,2.6,5,2
103,Restaurante Marigot,restaurants,70,4.5,2,2
103,Le Bistrot Marcel,restaurants,103,5.0,1,4
103,Café Gato,restaurants,33,0.0,0,0
103,Bar Lanches Berrini,restaurants,47,0.0,0,0
103,Rizzo Goumert,restaurants,150,4.0,1,2
103,Ristorante La Pasta & Formaggio,restaurants,185,4.5,2,0
103,Braugarten,restaurants,85,0.0,0,0
103,Pratus restaurante,restaurants,206,4.0,2,1
103,Officina,bakeries,266,4.3,3,2
103,Doceira Paiol,bakeries,187,0.0,0,0
101,Farrapos,restaurants,20,3.5,2,3
101,Rosa Gourmet,restaurants,45,4.0,2,1
101,Manai Gastronomia,restaurants,40,3.0,1,0
101,Villa Felice,restaurants,83,4.0,2,1
101,Sansão bar e Restaurante,restaurants,72,4.0,3,1
101,Odon,restaurants,30,3.0,1,0
101,Mosteiro Devakan,restaurants,66,4.0,1,0
101,Arbori,restaurants,152,4.0,2,2
101,Banana's Juice,restaurants,208,4.0,3,1
101,Moraes Restaurantes,restaurants,58,0.0,0,0
101,Dolce Perfetto Comércio Doces,bakeries,71,5.0,1,0
101,Uno e Due,bakeries,243,4.0,1,2
182,Green Pizzas,restaurants,91,4.0,1,1
182,Tabuleiro do Acarajé,restaurants,204,3.7,7,1
182,Bella Antônia Bar Pizza e Pastas,restaurants,194,4.0,1,1
182,Starbucks,restaurants,226,4.0,2,2
182,Café Antiquário Roosevelt,restaurants,207,3.5,2,0
182,Cantina Puc,restaurants,175,0.0,0,0
182,Lanchonete Doce Fantasia,restaurants,173,0.0,0,0
182,Pjf Bar Lanches,restaurants,176,0.0,0,0
182,Mack Mary Lanches,restaurants,203,0.0,0,0
182,Restaurante Vila Maria Antônia,restaurants,215,0.0,0,0
182,Starbucks,coffee,226,4.0,2,2
182,Nova Guiné Paes e Doces,bakeries,168,3.0,1,0
182,Panificadora Biopão,bakeries,145,0.0,0,0
620,Corleone Barbeer,restaurants,33,5.0,2,2
620,Açaí Original,restaurants,144,4.3,12,2
620,Pavão Bar e Restaurante,restaurants,36,4.5,2,0
620,Manjericão,restaurants,196,4.3,3,0
620,Xopotó,restaurants,32,0.0,0,0
620,Barakah Cozinha Árabe,restaurants,233,4.3,3,1
620,La Piadina,restaurants,139,4.0,1,3
620,99 Bar,restaurants,121,1.0,1,0
620,Lanchão Vila Olímpia,restaurants,113,0.0,0,1
620,La Piadina Cucina Italiana,restaurants,139,0.0,0,0
620,Padaria Villa Imperial,bakeries,131,5.0,1,0
620,Pellegrino Pão & Arte,bakeries,193,4.0,1,2
620,Cozinha Maria Dias,bakeries,195,0.0,0,0
153,Japa's,restaurants,45,5.0,1,0
153,Pedroso Esfiharia,restaurants,38,4.0,2,0
153,Lanchonete Imperio Real,restaurants,38,0.0,0,1
153,Bar do Carlão,restaurants,46,0.0,0,0
153,Mosaico Sanduberia,restaurants,120,4.0,2,1
153,Clã Destino,restaurants,185,5.0,1,0
153,Café Vitória,restaurants,237,5.0,1,1
153,Please Café,restaurants,59,0.0,0,0
153,Lanchonete Rosa Baiana,restaurants,67,0.0,0,0
153,Plis Café,restaurants,63,0.0,0,0
153,Padaria Grão de Trigo,bakeries,102,0.0,0,0
153,Panificadora Grão de Trigo,bakeries,105,0.0,0,0
153,P A & A J Doces,bakeries,176,0.0,0,0
153,Panificadora Alto da Bela Vista,bakeries,210,0.0,0,0
153,Paes e Doces Humaitá,bakeries,244,0.0,0,0
406,Lamen Kazu,restaurants,175,4.3,51,2
406,Yamaga,restaurants,203,4.4,29,2
406,Porque Sim,restaurants,178,4.3,26,1
406,Espaço Kazu,restaurants,205,3.9,16,2
406,Tanka Asian Kitchen,restaurants,148,4.1,23,3
406,Yoka,restaurants,164,4.0,12,1
406,Sushi Yassu,restaurants,193,4.3,12,2
406,Momo,restaurants,163,4.1,13,1
406,Chi Fu,restaurants,200,3.8,40,2
406,Kintaro,restaurants,175,4.4,10,1
406,89ºC Coffee Station,coffee,132,4.8,9,2
406,Bakery Itiriki,bakeries,139,3.6,17,2
406,Doceria Alteza,bakeries,114,4.2,6,1
71,Joy Juice,restaurants,22,4.7,11,1
71,Bolado's Sucos,restaurants,30,3.9,9,1
71,Tatini,restaurants,160,4.8,14,3
71,La Peruana Cevichería,restaurants,223,4.8,20,2
71,Lil' Square,restaurants,77,3.2,9,1
71,Zurich Bar e Restaurante,restaurants,22,3.3,4,2
71,Sushimar,restaurants,213,3.9,11,3
71,Rosima,restaurants,206,4.3,8,2
71,Trattoria do Sargento,restaurants,183,4.0,9,2
71,Duas Terezas,restaurants,93,4.5,2,0
71,Kamzu Cookie Shop,coffee,93,5.0,3,0
71,Conexão Cyber Café,coffee,262,0.0,0,0
71,Amor Aos Pedaços,bakeries,22,0.0,0,2
71,Delícias Colméia,bakeries,191,5.0,1,1
71,Doce Mania,bakeries,101,0.0,0,0
444,Stalleiro Grill,restaurants,102,4.0,1,1
444,Falando Grego,restaurants,140,4.0,1,0
444,La Misión,restaurants,225,4.0,1,0
444,Christhie S,restaurants,112,0.0,0,0
444,Casa do Pão de Queijo,restaurants,158,0.0,0,0
444,Bar Lanches Kalonar,restaurants,243,0.0,0,0
444,Velodrome,coffee,128,0.0,0,0
444,Ao dos Rei Pastéis,bakeries,128,0.0,0,0
444,Pastelaria Brasileirinho,bakeries,225,0.0,0,0
175,Jiquitaia Bar & Restaurante,restaurants,146,4.4,37,3
175,Spot,restaurants,130,4.2,46,3
175,Athenas Café e Restaurante,restaurants,178,4.0,48,2
175,Starbucks,restaurants,138,3.9,17,1
175,Maoz Vegetarian,restaurants,146,3.9,22,1
175,Mate Por Favor,restaurants,152,4.6,10,1
175,O Pedaço da Pizza,restaurants,163,4.1,16,1
175,Tollocos,restaurants,188,3.7,20,2
175,Paulista Burger,restaurants,153,3.5,17,2
175,FREVO,restaurants,144,3.3,15,2
175,Rei do Mate,coffee,167,4.0,2,1
175,Café do Ponto,coffee,152,4.5,2,2
175,Frei Canecafe,coffee,79,0.0,0,0
175,Empório Arte Nata,bakeries,75,4.0,1,2
175,Ofner - Shopping Center 3,bakeries,156,5.0,2,2
175,Manteigaria Lisboa,bakeries,246,3.6,7,1
175,Padaria Brasileira,bakeries,173,3.0,6,2
175,Amor Aos Pedaços,bakeries,170,0.0,0,0
175,Doceira e Confeitaria Gnt,bakeries,152,0.0,0,0
175,Augusta Candy,bakeries,154,0.0,0,0
175,SE LAV,bakeries,199,0.0,0,0
523,Bardega,restaurants,152,4.7,18,3
523,Zumba da Carne de Sol,restaurants,10,4.0,1,0
523,Boston Bakery,restaurants,97,3.6,24,2
523,Rancho Itaim,restaurants,11,0.0,0,0
523,Mix Restaurante,restaurants,32,0.0,0,0
523,Brodo Rosticceria,restaurants,255,4.7,3,2
523,Pibus Hamburger,restaurants,198,3.2,6,2
523,Café Burguer,restaurants,71,0.0,0,0
523,Nattu,restaurants,233,1.8,5,3
523,Cozinha Modo,restaurants,150,0.0,0,0
523,Boston Bakery,bakeries,97,3.6,24,2
523,Natural da Terra,bakeries,207,4.0,1,0
523,Fina Fatia Doçaria,bakeries,123,0.0,0,0
523,Jean Et Marie Atelier de Doces,bakeries,134,0.0,0,0
569,Veloso Bar,restaurants,194,4.2,114,2
569,Estação 45 Pizzaria,restaurants,53,1.0,1,0
569,Lanchonete Choperia Fênix,restaurants,53,0.0,0,0
569,Lemos Restaurante,restaurants,60,0.0,0,0
569,Lanchonete Mirence,restaurants,72,0.0,0,0
569,Pedacinho do Nordeste,restaurants,233,5.0,1,1
569,Yodo Restaurante,restaurants,122,0.0,0,0
569,Lúcia D'ora,restaurants,116,0.0,0,0
569,Restaurante Vila Júlia,restaurants,139,0.0,0,0
569,Rei do Mate,restaurants,144,0.0,0,0
569,Café da Bila,coffee,86,0.0,0,0
569,Amor Aos Pedaços,bakeries,144,0.0,0,0
394,Hot-Dog Usp,restaurants,247,5.0,1,1
394,Hot Dog da Malú,restaurants,156,4.0,1,0
394,Uspão,bakeries,247,1.8,6,0
351,Daiki Sushi,restaurants,144,4.8,4,0
351,Forno da Vila,restaurants,186,3.0,1,0
351,P Verger,restaurants,171,0.0,0,0
351,Boulangerie Le Fournil,bakeries,171,0.0,0,0
120,Praça São Lourenço,restaurants,129,4.3,18,3
120,Mexicaníssimo,restaurants,195,3.5,14,2
120,Portucale,restaurants,150,4.5,2,3
120,Tabuleiro do Marconi,restaurants,125,3.3,3,2
120,456 Bar e Lanchonete,restaurants,177,4.0,1,0
120,Asia House,restaurants,201,0.0,0,0
120,Musette Café,restaurants,151,0.0,0,0
120,Friends Buffet,restaurants,102,0.0,0,0
120,Renovação da Gula,restaurants,124,0.0,0,0
120,Bar e Lanchonete Quatá,restaurants,229,0.0,0,0
120,Panificadora Santa Olímpia,bakeries,165,3.0,2,0
262,Rockafe Santa Cruz Restaurante,restaurants,30,0.0,0,0
144,Trattoria,restaurants,21,4.8,8,0
144,Jamie's,restaurants,123,3.1,30,2
144,Tatu Bola Itaim,restaurants,172,3.8,15,2
144,Kosushi,restaurants,143,3.8,6,3
144,Muuburger,restaurants,149,4.0,2,1
144,Supra di Mauro Maia,restaurants,241,5.0,1,0
144,Arrumadinho do Itaim,restaurants,103,4.0,1,0
144,Deli Deli,restaurants,218,4.3,3,0
144,Milló Restaurante,restaurants,64,0.0,0,0
144,Yabany,restaurants,104,2.0,4,2
144,Dona Deola,bakeries,74,3.0,2,2
510,Sheriff's Grilled Burger,restaurants,31,0.0,0,0
510,Jaber,restaurants,68,5.0,1,0
510,1900 Pizzeria Moema,restaurants,194,4.2,6,2
510,Grand Cru,restaurants,177,4.3,3,3
510,Jaber Esecialidades Árabes,restaurants,68,4.0,1,0
510,Hidden by 2nd Floor,restaurants,163,4.0,1,0
510,Santa Micaela,restaurants,199,4.7,3,1
510,Moa Café,restaurants,199,5.0,1,0
510,Pastelatto,restaurants,145,5.0,1,0
510,Jaber,restaurants,148,0.0,0,0
510,Magnifique café,coffee,49,0.0,0,0
510,Santa Micaela,bakeries,199,4.7,3,1
510,Aldeia do Bispo,bakeries,68,0.0,0,0
510,Padaria Boulevard Moema,bakeries,161,0.0,0,0
223,Doce & Cia.,restaurants,10,4.3,4,2
223,Pastel da Maria,restaurants,38,4.4,8,2
223,Suri Ceviche Bar,restaurants,139,4.1,29,3
223,Maha Mantra,restaurants,221,4.6,13,2
223,Escondidinho da Amada,restaurants,202,4.7,6,2
223,Feijão Mágico,restaurants,154,4.1,9,1
223,Yokozuna,restaurants,259,3.7,12,2
223,Fradi Kilo,restaurants,16,0.0,0,0
223,Bar do Baixo,restaurants,159,4.5,2,1
223,Rest e Lanch Terra,restaurants,72,3.0,1,1
223,Bravocafe,coffee,115,0.0,0,0
223,Bravo Café,coffee,115,0.0,0,0
223,Doce & Cia.,bakeries,10,4.3,4,2
223,Padaria Sensação,bakeries,129,3.6,7,2
223,Formigão,bakeries,136,4.0,1,0
223,Padaria Madalena,bakeries,171,3.0,2,2
129,Tony Roma's,restaurants,53,3.3,15,3
129,Speranza,restaurants,150,4.1,10,2
129,Aoyama,restaurants,91,3.8,17,3
129,Restaurante Koban,restaurants,228,3.8,13,2
129,Applebee's Grill + Bar,restaurants,127,3.2,14,2
129,Rinconcito Peruano,restaurants,168,4.1,7,2
129,Starbucks,restaurants,119,4.3,3,2
129,Vila Conte,restaurants,189,4.0,1,2
129,LM09,restaurants,194,4.5,2,2
129,La Glória Pizza Bar,restaurants,196,4.1,8,3
129,Chocolates Genebra,coffee,196,3.0,2,3
129,Barão do Café,coffee,189,0.0,0,0
129,Flávio Federico Dolci,bakeries,81,0.0,0,0
129,Oba Hortifruti,bakeries,192,4.0,1,3
129,Delicake,bakeries,232,0.0,0,0
193,Panificadora Estrela do Butantã,restaurants,174,4.3,8,1
193,Trivial Pizzaria,restaurants,157,4.3,3,0
193,Savana - Churrascaria e Pizzaria,restaurants,136,4.0,1,2
193,Bar do Mateus,restaurants,89,3.0,1,0
193,Savana,restaurants,151,3.5,2,0
193,Sabor da Terra,restaurants,226,4.0,1,0
193,Restaurante e Lanchonete X 2,restaurants,178,0.0,0,0
193,Panificadora Estrela do Butantã,bakeries,174,4.3,8,1
193,São Geraldo,bakeries,157,0.0,0,0
409,Pepe Nero,restaurants,53,5.0,1,0
409,La Glória Pizza Bar,restaurants,213,4.1,8,3
409,Don Pepe Di Nápoli,restaurants,172,4.5,2,3
409,Umi Sushiya,restaurants,227,4.0,1,0
409,Restaurante Maestro - Hotel Meliã Ibirapuera,restaurants,179,0.0,0,0
409,Restaurante Asher,restaurants,259,4.5,2,0
409,Dell Arte Ristorante,restaurants,226,0.0,0,0
409,Buffet Sonho Colorido,restaurants,140,0.0,0,0
409,Black Dog,restaurants,157,0.0,0,0
409,Alameda do Café,restaurants,236,0.0,0,0
409,Croasonho,coffee,172,4.2,10,2
409,Croasonho,bakeries,172,4.2,10,2
409,Oba Hortifruti,bakeries,223,4.0,1,3
409,Bon Gateau Doçaria,bakeries,147,0.0,0,0
225,Boulangerie Pâtisserie Chez Mona,bakeries,184,4.3,7,2
410,Holy Burger,restaurants,58,4.1,30,1
410,Fôrno,restaurants,29,4.8,4,0
410,Takkø Café,restaurants,126,4.3,26,1
410,Comedoria SESC Consolação,restaurants,188,4.4,7,1
410,Bia Hoi SP Vietpub,restaurants,166,3.8,6,2
410,Tertulia,restaurants,147,5.0,1,2
410,Tabuleiro do Acarajé,restaurants,132,3.7,7,1
410,Bella Antônia Bar Pizza e Pastas,restaurants,172,4.0,1,1
410,Bar e Lanches Vitrolao,restaurants,50,0.0,0,0
410,Jardin Plantas e Flores,restaurants,204,5.0,2,0
410,Confeitaria Little,coffee,196,5.0,1,1
410,Cafeteria Viver,coffee,215,3.0,1,0
410,Confeitaria Little,bakeries,196,5.0,1,1
410,Nova Guiné Paes e Doces,bakeries,178,3.0,1,0
410,Panificadora Biopão,bakeries,175,0.0,0,0
253,Lanchonete da Produção,restaurants,144,0.0,0,0
335,Grão Espresso Brooklin,restaurants,17,5.0,1,0
335,Original Burger,restaurants,21,3.0,2,2
335,Bonap,restaurants,10,2.5,2,0
335,Sushi Hanjou,restaurants,42,0.0,0,0
335,The Old Cut Barber Shop,restaurants,169,5.0,1,0
335,Pizzaria A Esperança,restaurants,60,0.0,0,0
335,Hola Bar e Restaurante,restaurants,94,0.0,0,0
335,A Bruncheria,restaurants,248,0.0,0,0
335,Doce Melado,restaurants,121,0.0,0,1
335,#Burger,restaurants,173,0.0,0,0
335,Grão Espresso Brooklin,coffee,17,5.0,1,0
335,Akr Café e Refeições,coffee,55,0.0,0,0
335,Gebelim Padaria e Rotisseria,bakeries,205,0.0,0,0
335,Nova Estrela do Brooklin,bakeries,252,0.0,0,0
339,Castello de Cristal,restaurants,178,0.0,0,0
146,Vista Café,restaurants,137,4.5,2,1
146,Vista Restaurante,restaurants,137,3.7,7,0
151,Mamma Fellice,restaurants,26,0.0,0,0
151,Bar e Restaurante Limoeiro,restaurants,43,0.0,0,0
151,Nova Era Choperia,restaurants,154,2.7,6,2
151,Kantinho do Pão de queijo,restaurants,140,4.0,1,0
151,Citron CCSP,restaurants,190,0.0,0,0
151,Churrascaria Novilho de Prata-Paraiso,restaurants,210,3.0,1,0
151,Cantina Garapuvu,restaurants,131,0.0,0,0
151,Novilho de Prata,restaurants,210,0.0,0,0
473,Starbucks,restaurants,170,4.0,2,2
473,Duque Café,restaurants,72,0.0,0,0
473,Cantina Puc,restaurants,158,0.0,0,0
473,Pjf Bar Lanches,restaurants,172,0.0,0,0
473,Mack Mary Lanches,restaurants,186,0.0,0,0
473,Starbucks,coffee,170,4.0,2,2
220,Meats,restaurants,30,3.9,64,2
220,Le Jazz Brasserie,restaurants,35,4.3,21,3
220,bra.do Restaurante,restaurants,45,4.3,25,2
220,Cantina Gigio,restaurants,70,4.4,30,2
220,Choperia São Paulo,restaurants,32,3.9,10,2
220,Maní,restaurants,219,4.3,68,4
220,Z Deli Sandwich,restaurants,212,4.4,50,2
220,El Mariachi,restaurants,129,3.7,24,2
220,Piccolo,restaurants,26,5.0,2,0
220,Fração da Pizza,restaurants,179,4.1,11,3
220,The Gourmet Tea,coffee,177,5.0,1,3
220,Café Conde,coffee,105,0.0,0,0
220,Manteigaria Lisboa,bakeries,6,2.0,1,0
220,Petit Four Hand Made Cookies,bakeries,184,4.0,1,0
220,Ava Dolci,bakeries,223,0.0,0,0
12,Comedoria Gonzales,restaurants,111,4.1,22,1
12,Sweet Pimenta,restaurants,54,3.3,3,0
12,Sukiya,restaurants,161,4.4,5,1
12,Napoli Centrale,restaurants,173,4.5,8,1
12,MICA,restaurants,193,4.3,7,0
12,Mocotó Café,restaurants,139,4.0,5,2
12,Yashiro,restaurants,141,3.6,7,3
12,Restaurante Asahi,restaurants,159,5.0,2,1
12,4eat,restaurants,191,2.0,4,2
12,Lanchonete Nova Estação Pinheiros,restaurants,83,0.0,0,0
12,Sweet Pimenta,coffee,54,3.3,3,0
12,Largo dos Doces,bakeries,154,0.0,0,0
23,Baruk,restaurants,276,4.2,6,2
23,Blenz Café,restaurants,27,0.0,0,0
23,The Fifties,restaurants,194,3.4,5,2
23,Restaurante Trio,restaurants,226,4.0,2,3
23,Wendy's,restaurants,125,3.4,5,1
23,Lanches Bordon,restaurants,60,0.0,0,0
23,Otto Ristorante,restaurants,87,0.0,0,0
23,Snack Office e-Tower,restaurants,81,0.0,0,0
23,Praça de Alimentação Olimpíadas,restaurants,128,0.0,0,0
23,Costela & Cia,restaurants,168,0.0,0,0
23,Hortelã Bomboniere,bakeries,133,4.0,1,1
582,Le Cucine di Eataly,restaurants,108,3.8,5,2
582,Tapiocaria,restaurants,112,4.0,1,0
582,Noah Espaço Faria Lima,restaurants,175,5.0,1,2
582,Bistecca,restaurants,119,4.0,1,0
582,Vista Café,restaurants,112,4.0,2,3
582,Brace Bar e Griglia,restaurants,113,4.5,2,0
582,Coffee Break,restaurants,209,5.0,1,2
582,Lanchonete JK,restaurants,68,0.0,0,0
582,Trinita Gastronomia,restaurants,69,0.0,0,0
582,Garrubo,restaurants,125,0.0,0,2
582,Caffè Vergnano,coffee,112,4.0,2,0
582,Cacique,coffee,172,0.0,0,0
582,Chá da Olga,coffee,249,0.0,0,0
582,7 Molinos,bakeries,112,0.0,0,0
452,Bráz,restaurants,170,4.4,18,3
452,Burguer king,restaurants,51,4.3,4,1
452,Planet Party Buffet,restaurants,17,0.0,0,0
452,Buffet Magic Box,restaurants,44,0.0,0,0
452,Jambu,restaurants,155,2.5,2,2
452,Le Sandwich,restaurants,176,0.0,0,0
452,Bar Lanches Top Love,restaurants,94,0.0,0,0
452,Quatá Burguer,restaurants,208,0.0,0,0
452,Felice e Maria,restaurants,182,0.0,0,0
452,Warabi Cozinha Japonesa,restaurants,145,0.0,0,0
452,Forma de Pudim,bakeries,103,5.0,1,1
452,Artes em Doces,bakeries,238,0.0,0,0
619,Manish Restaurante,restaurants,123,4.4,9,2
619,Espírito Santo,restaurants,56,3.7,6,3
619,Sassá Sushi,restaurants,59,3.8,9,3
619,Sallvattore,restaurants,87,4.3,6,3
619,"JAM - Japanese Food, Arts & Music",restaurants,199,4.7,6,3
619,Torero Valese,restaurants,141,4.0,11,3
619,Spazio Gastronômico,restaurants,89,2.7,3,2
619,Giardini Buffet,restaurants,150,3.5,2,2
619,La Table,restaurants,90,0.0,0,0
619,Garrubbo,restaurants,192,0.0,0,0
619,Empório Itaim,bakeries,210,3.5,2,2
40,Joakin's Hamburger,restaurants,61,3.9,29,2
40,Paco Esfiha,restaurants,34,4.0,6,1
40,New Dog,restaurants,50,3.4,20,2
40,Temakeria & Cia,restaurants,122,4.1,16,2
40,Aze Sushi,restaurants,221,4.7,7,4
40,Caffé Floriano,restaurants,21,3.3,3,1
40,Hecho En México,restaurants,186,3.5,26,2
40,Kebaberia,restaurants,40,2.3,4,3
40,Sí Señor,restaurants,174,3.3,13,2
40,Açaidera,restaurants,24,3.0,1,1
40,Coffe Club,coffee,76,0.0,0,0
40,Café do Ponto,coffee,101,0.0,0,0
40,Pane D'itaim,bakeries,45,3.0,4,2
48,Barbacoa,restaurants,179,4.4,46,4
48,Sarumon,restaurants,168,4.8,8,2
48,Gusto,restaurants,161,4.0,1,3
48,Renato 167,restaurants,129,4.0,1,0
48,Vivacci Refeições,restaurants,160,4.0,1,0
48,Arabie,restaurants,177,4.0,2,0
48,UPPER,restaurants,177,0.0,0,0
48,A Chapa,restaurants,194,3.0,6,0
48,Gastroarte,restaurants,152,5.0,1,0
48,La Forgalia,restaurants,171,0.0,0,0
48,Z Coffee,coffee,196,0.0,0,0
48,Café Itacema,coffee,183,0.0,0,0
48,Bienal,bakeries,202,2.8,4,3
564,Monte Vero Itaim,restaurants,65,4.1,9,2
564,Hi Pin Shan,restaurants,37,3.7,7,0
564,Ruella,restaurants,126,4.3,18,3
564,Marie-Madeleine Boutique Gourmet,restaurants,110,4.7,3,0
564,Brodo Rosticceria,restaurants,207,4.7,3,2
564,Poivre,restaurants,43,0.0,0,0
564,Rincon de Buenos Aires,restaurants,48,0.0,0,0
564,Bar da Villa,restaurants,110,4.0,1,1
564,Bolos do Frei,restaurants,204,4.5,2,1
564,Small Talk Café,restaurants,202,4.5,2,2
564,Bolos do Frei,coffee,204,4.5,2,1
564,Express Café,coffee,116,0.0,0,0
10,Baked Potato,restaurants,23,4.0,1,0
10,Mãe Floresta,restaurants,49,4.0,1,1
10,Café Árabe,restaurants,122,4.2,5,2
10,Bricius,restaurants,56,5.0,1,0
10,All Tribes Burguer & Dog,restaurants,152,5.0,1,1
10,Starbucks,restaurants,187,4.5,2,0
10,Casa de Lanches Totty,restaurants,56,0.0,0,0
10,Resturante Bricios,restaurants,56,0.0,0,0
10,Salu,restaurants,56,0.0,0,0
10,Bom Bocado,restaurants,56,0.0,0,0
10,Blue Berry Alimentos,coffee,56,0.0,0,0
10,Café do Centro,coffee,110,0.0,0,0
10,A Quinta do Marques,bakeries,133,4.6,5,2
465,Maní,restaurants,244,4.3,68,4
465,Z Deli Sandwich,restaurants,123,4.4,50,2
465,Bovinu's,restaurants,195,4.5,21,3
465,Restaurante Hideki,restaurants,98,3.4,15,3
465,Cafe Cachaça & Cia,restaurants,166,5.0,2,1
465,Pizza Hut,restaurants,123,3.7,7,2
465,Mercearia do Conde,restaurants,278,4.3,6,3
465,Jun Sakamoto,restaurants,153,4.0,8,4
465,Bar General,restaurants,160,3.7,7,2
465,Nilo Esfihas,restaurants,192,4.0,4,0
465,Petit Four Hand Made Cookies,bakeries,177,4.0,1,0
465,Braspan,bakeries,179,0.0,0,0
465,Ava Dolci,bakeries,225,0.0,0,0
468,Ponto Chic Perdizes,restaurants,71,3.7,6,2
468,Quem Quer Pão 75,restaurants,122,5.0,2,0
468,Restaurante Diva's & Diversos,restaurants,59,0.0,0,0
468,Pizza Na Roça,restaurants,203,3.0,1,3
468,Monville Alimentação,restaurants,122,0.0,0,0
468,Bar e Lanches Macuti,restaurants,123,0.0,0,0
468,Sucos Paola,restaurants,150,0.0,0,0
468,Hélio Azevedo,restaurants,150,0.0,0,0
468,Café Floresta,restaurants,177,0.0,0,0
468,Carlino,restaurants,203,0.0,0,0
468,Brioche Brasil,bakeries,113,5.0,1,1
468,Confeitaria Americana,bakeries,227,0.0,0,0
391,Barraquinha da Sociais,restaurants,196,4.7,3,0
391,Krok Alimentos,restaurants,149,0.0,0,0
391,Restaurante da História e Geografia,restaurants,149,2.5,2,0
391,Scooby Dog,restaurants,149,3.0,1,0
578,Negroni,restaurants,41,4.5,13,3
578,Vinil Burger,restaurants,34,4.3,31,1
578,Pirajá,restaurants,56,4.0,22,2
578,Nou Restaurante,restaurants,197,4.1,19,3
578,Oui,restaurants,44,4.2,6,3
578,Più,restaurants,126,4.6,10,4
578,Pellegrini Pasta & Pizza,restaurants,27,5.0,1,0
578,NB Steak,restaurants,123,4.7,9,4
578,Vila das Meninas,restaurants,138,4.9,7,2
578,Pirajá,restaurants,58,5.0,1,0
578,La Girandola,coffee,24,4.7,3,2
578,Brigadeiro Doceria & Café,coffee,108,4.5,11,2
578,Bolo à Toa - Pinheiros,coffee,95,4.7,3,2
578,Pandan,bakeries,157,5.0,1,0
578,Confeitaria Dama,bakeries,179,4.3,4,4
578,Padaria Classic Bread and Grill,bakeries,192,3.3,3,2
578,Padaria Classic,bakeries,100,0.0,0,0
578,Café com Pão,bakeries,256,0.0,0,0
578,Pão Leite & Cia,bakeries,141,0.0,0,0
578,Maison de Marie - Café Et Patisserie,bakeries,240,0.0,0,0
325,Lanchonete Dois Passarinhos,restaurants,14,4.0,1,0
325,Buffet Trick Or Treat,restaurants,205,5.0,1,0
325,Pizzaria Bella Roma,restaurants,146,0.0,0,0
325,Cantina do Marinheiro,restaurants,156,5.0,1,0
325,V.Bistrô,restaurants,239,0.0,0,0
325,Pizzaria São Jorge,restaurants,85,0.0,0,0
325,Commo Pizza,restaurants,97,0.0,0,0
325,Saborella,restaurants,102,0.0,0,0
325,A Panqueca,restaurants,109,0.0,0,0
325,Sol do Sul Lanches,restaurants,122,0.0,0,0
325,Bella Antonia,bakeries,270,4.5,4,1
325,Emporium São Paulo,bakeries,104,3.7,3,3
325,Panificadora Samaro,bakeries,128,0.0,0,0
325,Panificadora e Confeitaria Vitória Régia,bakeries,135,0.0,0,2
325,Doceria Holandesa,bakeries,193,0.0,0,0
77,Micaela,restaurants,40,4.5,23,2
77,Veridiana,restaurants,236,4.4,16,3
77,St. Louis Burgers,restaurants,134,4.4,31,2
77,Orange,restaurants,188,4.3,12,1
77,Benjamin,restaurants,54,1.0,1,0
77,212 Burger,restaurants,169,4.2,9,2
77,Pizzeria e Wine Bar Prestissimo,restaurants,114,3.0,2,3
77,Creperie,restaurants,176,4.3,4,0
77,Mini Bueno,restaurants,176,4.5,2,0
77,2nd House,restaurants,190,5.0,1,0
77,Adora Doces,coffee,139,3.5,2,2
77,Benjamin,bakeries,54,1.0,1,0
77,Astro Rei Paes e Doces,bakeries,53,0.0,0,0
44,Sabor do Tempero,restaurants,151,5.0,1,0
44,Bar e Lanches Galhardo,restaurants,168,0.0,0,0
598,A Casa do Porco Bar,restaurants,154,4.5,85,3
598,Bar da Dona Onça,restaurants,257,3.9,64,3
598,La Central,restaurants,244,3.9,29,3
598,JazzB,restaurants,134,4.8,9,2
598,Boi na Brasa,restaurants,121,3.8,12,2
598,Z Deli Sandwich Shop,restaurants,62,5.0,1,0
598,Bar Amigo Leal,restaurants,216,4.3,4,2
598,Bia Hoi SP Vietpub,restaurants,193,3.8,6,2
598,Carlino,restaurants,150,4.0,2,3
598,Santa Efigênia,restaurants,244,3.4,9,1
598,Cafeteria Viver,coffee,78,3.0,1,0
598,Santa Efigênia,bakeries,244,3.4,9,1
598,Panificadora Vila Buarque,bakeries,115,3.0,1,1
598,Sweet Point,bakeries,206,0.0,0,0
234,Più,restaurants,231,4.6,10,4
234,Teus Restaurante Bar,restaurants,105,4.3,6,2
234,Sailor Burger & Steakhouse,restaurants,136,4.2,5,2
234,Bráz,restaurants,165,3.5,11,3
234,Ruella Bistrô,restaurants,158,3.9,10,4
234,Forquilha,restaurants,143,4.7,3,0
234,Manish,restaurants,234,4.3,3,2
234,Pecorino Cucina Mediterranea Pinheiros,restaurants,76,0.0,0,0
234,Barbarella Churrascaria e Pizzaria,restaurants,138,0.0,0,0
234,Le Petit Trou,restaurants,138,0.0,0,0
234,Pão Leite & Cia,bakeries,138,0.0,0,0
234,Padaria Classic,bakeries,208,0.0,0,0
20,Milk & Mellow Burgers,restaurants,232,3.8,12,2
20,Espaço Araguari,restaurants,35,0.0,0,0
20,Almanara,restaurants,132,4.2,5,2
20,Cristal,restaurants,86,3.5,4,0
20,Mcdonald's,restaurants,132,0.0,0,0
20,Le Patissier Boulangerie,bakeries,132,0.0,0,0
20,Art Pão,bakeries,130,0.0,0,3
115,Fogo de Chão,restaurants,224,4.2,32,4
115,Kobu Sushi,restaurants,31,4.3,3,0
115,Pomar Restaurante,restaurants,14,4.0,1,1
115,Red Sushi,restaurants,38,0.0,0,0
115,Lanchonete Sabor da Esquina,restaurants,90,5.0,1,0
115,Merkadoshow,restaurants,277,5.0,1,2
115,Red Restaurante,restaurants,82,0.0,0,0
115,Red Parrilla,restaurants,58,0.0,0,0
115,Red Galeteria,restaurants,56,0.0,0,0
115,Mostarda Grill,restaurants,214,3.0,1,1
50,L'Entrecôte de Paris,restaurants,28,4.8,5,3
50,Due Cuochi Cucina,restaurants,196,4.3,27,3
50,Le Bife,restaurants,50,4.0,8,3
50,Osaka,restaurants,229,4.3,12,4
50,Freddy,restaurants,25,4.0,3,3
50,Ohka,restaurants,148,4.8,17,4
50,Mello & Mellão,restaurants,44,4.5,2,0
50,Modern Mamma Osteria,restaurants,166,4.5,11,0
50,Pizzaria Carcamano,restaurants,35,4.0,2,2
50,Befresh,restaurants,158,4.6,8,2
50,Santo Grão,coffee,121,4.2,19,3
50,Le Vin Bistro & Patisserie,bakeries,101,4.4,5,3
50,Le Pain Quotidien,bakeries,61,3.2,9,2
50,St. Honore,bakeries,68,0.0,0,0
50,Saint Germain,bakeries,185,5.0,1,3
538,Açaí Original,restaurants,247,4.3,12,2
538,Enoteca Saint Vin Saint,restaurants,196,5.0,6,3
538,Barakah Cozinha Árabe,restaurants,132,4.3,3,1
538,Manjericão,restaurants,180,4.3,3,0
538,Corleone Barbeer,restaurants,130,5.0,2,2
538,La Piadina,restaurants,150,4.0,1,3
538,Pavão Bar e Restaurante,restaurants,139,4.5,2,0
538,99 Bar,restaurants,192,1.0,1,0
538,La Piadina Cucina Italiana,restaurants,150,0.0,0,0
538,Maremonti,restaurants,173,3.5,2,0
538,Padaria Villa Imperial,bakeries,224,5.0,1,0
538,Cozinha Maria Dias,bakeries,166,0.0,0,0
595,Restaurante Boa Saúde Aspargus,restaurants,130,4.6,5,1
595,Burguer Lab,restaurants,76,3.3,4,1
595,Paulinhos Grill,restaurants,194,5.0,1,1
595,Carmel Gourmet,restaurants,125,5.0,1,0
595,Caffè Ristoro Casa das Rosas,restaurants,197,5.0,1,1
595,Garoa Paulista,restaurants,87,2.5,2,0
595,Café Cultural,restaurants,86,0.0,0,0
595,Junji Sakamoto,restaurants,211,3.0,2,0
595,Ragazzo Express,restaurants,113,2.0,1,0
595,Venezinha,restaurants,241,3.0,1,0
595,PanAroma Café,coffee,90,5.0,1,3
167,Por Um Punhado de Dólares,restaurants,178,4.6,40,1
167,Restaurante Planeta's,restaurants,204,4.3,12,1
167,Madrepérola Bar Restaurante,restaurants,249,4.2,11,2
167,Café Antiquário Roosevelt,restaurants,63,3.5,2,0
167,Green Pizzas,restaurants,55,4.0,1,1
167,Tabuleiro do Acarajé,restaurants,229,3.7,7,1
167,Cantina Luna Di Capri,restaurants,224,3.7,3,2
167,Andreus Galeria,restaurants,186,5.0,1,0
167,Cantina do Giovanni Bruno,restaurants,168,5.0,1,0
167,Restaurante Lollita,restaurants,245,4.0,1,2
167,Por Um Punhado de Dólares,coffee,178,4.6,40,1
167,Café Galícia,coffee,228,3.5,4,2
167,Panificadora Biopão,bakeries,144,0.0,0,0
167,Nova Guiné Paes e Doces,bakeries,219,3.0,1,0
138,Torta no Quintal,restaurants,162,4.8,16,1
138,Enoteca Saint Vin Saint,restaurants,141,5.0,6,3
138,Dublin Live Music,restaurants,195,4.0,9,2
138,Kiichi - Itaim,restaurants,161,4.0,6,3
138,Manjericão,restaurants,178,4.3,3,0
138,Barakah Cozinha Árabe,restaurants,154,4.3,3,1
138,Pasta d'autori,restaurants,92,4.0,1,0
138,Bar do Arnesto,restaurants,156,4.0,3,2
138,Oggi Cucina & Vino,restaurants,44,0.0,0,0
138,La Piadina,restaurants,228,4.0,1,3
138,Sinhazinha,bakeries,126,0.0,0,0
138,Cozinha Maria Dias,bakeries,157,0.0,0,0
610,O Gato Que Ri,restaurants,100,4.0,20,2
610,PASV,restaurants,160,4.5,11,1
610,Biyou'Z,restaurants,194,3.7,18,2
610,La Casserole,restaurants,121,4.8,8,2
610,Tasca do Arouche,restaurants,60,3.7,3,2
610,Rinconcito Peruano,restaurants,226,4.6,5,2
610,Sai de Baixo,restaurants,95,4.0,1,1
610,Le Petit Village,restaurants,122,4.0,1,0
610,Empadaria da Vovó,restaurants,156,4.0,3,1
610,Vovô Ali,restaurants,75,2.5,2,1
610,Café Smell's,coffee,52,5.0,1,1
610,Café Smel,coffee,95,0.0,0,0
610,Spazio Gastronomia,coffee,167,3.5,2,0
610,Padaria Gêmel,bakeries,141,3.7,6,2
610,Empadaria da Vovó,bakeries,156,4.0,3,1
610,Confeitaria Dulca,bakeries,167,4.0,1,1
145,Casarão Grill,restaurants,46,0.0,0,0
145,Sansão bar e Restaurante,restaurants,138,4.0,3,1
145,Rosa Gourmet,restaurants,90,4.0,2,1
145,Villa Felice,restaurants,205,4.0,2,1
145,Farrapos,restaurants,129,3.5,2,3
145,Casa de Comida,restaurants,61,0.0,0,0
145,Mosteiro Devakan,restaurants,198,4.0,1,0
145,Koba Sushi,restaurants,103,3.3,3,2
145,Brooklin Café,restaurants,61,0.0,0,0
145,Manai Gastronomia,restaurants,161,3.0,1,0
25,Restaurante Ambrosia,restaurants,71,4.0,3,2
25,Restaurante Shisá,restaurants,58,4.5,2,0
25,Tantra,restaurants,246,3.5,15,3
25,Le Cucine di Eataly,restaurants,196,3.8,5,2
25,Parrilla São José,restaurants,169,4.6,5,3
25,Alpendre Burguer & Beer Pub,restaurants,188,4.0,4,3
25,JOÁ Restaurante,restaurants,68,0.0,0,0
25,Leiteria Santa Clara,restaurants,46,0.0,0,0
25,Empório Ravioli,restaurants,171,4.3,3,4
25,Lancheteria 260,restaurants,45,0.0,0,0
25,Caffè Vergnano,coffee,196,4.0,2,0
25,Chá da Olga,coffee,106,0.0,0,0
25,Roos Café,coffee,176,0.0,0,0
25,Villa dos Pães,bakeries,93,4.0,2,2
25,7 Molinos,bakeries,196,0.0,0,0
25,Padoca.,bakeries,231,3.0,2,0
158,Windhuk,restaurants,39,4.3,12,2
158,Gimba Hamburguer,restaurants,44,4.3,3,3
158,Bellosguardo,restaurants,63,4.7,3,0
158,Burdega,restaurants,50,4.0,1,0
158,Véu de Seda Cozinha Árabe,restaurants,82,4.0,4,3
158,Nova Cotovia Lanches,restaurants,11,0.0,0,0
158,Pizza Hut,restaurants,174,4.6,5,0
158,Cotovia Lanches,restaurants,15,0.0,0,0
158,Gajos Bar e Restaurante,restaurants,92,3.5,6,3
158,Maria Philó,restaurants,130,5.0,2,2
158,Starbucks,coffee,178,3.5,2,2
158,Ofner,bakeries,141,5.0,1,2
158,Padaria Santa Marcelina,bakeries,130,0.0,0,0
293,Jazz Restô & Burgers,restaurants,156,3.8,17,2
293,Sorveteria e Lanchonete Ypê,restaurants,89,4.2,10,2
293,Domênica Café,restaurants,31,4.0,1,0
293,Lanchonete Estrela da Ana Rosa,restaurants,51,4.0,1,0
293,Barbirô Bar e Restaurante,restaurants,197,2.7,6,2
293,Duas Rosas,restaurants,66,0.0,0,0
293,Esfiharia Super Libano,restaurants,82,0.0,0,0
293,Divina Estação,restaurants,135,0.0,0,0
293,Rotisserie Machado de Assis,restaurants,175,0.0,0,0
293,Giraffas,restaurants,120,0.0,0,0
293,Melonpan,bakeries,19,3.0,1,0
293,Confeitaria Monte Líbano,bakeries,80,0.0,0,0
293,Lanchonete Mishima,bakeries,152,0.0,0,0
399,Buffet Bem Bolado,restaurants,114,0.0,0,0
458,Bar do Biu,restaurants,218,4.5,15,2
458,Mister Shawarma,restaurants,232,4.3,10,1
458,Consulado Mineiro,restaurants,182,4.2,27,2
458,Bem Dito Grill's,restaurants,41,4.0,1,1
458,Como Assim?!...,restaurants,109,3.6,10,1
458,São Benedito Cozinha Caseira,restaurants,167,4.3,3,2
458,Sabores de Mi Tierra,restaurants,174,4.3,3,1
458,Bello Bello Restaurante,restaurants,227,4.0,1,2
458,Bar do Jeová,restaurants,238,4.0,2,0
458,Pizzaria Paulino,restaurants,198,2.0,1,0
458,Santo Antônio Paes,bakeries,210,0.0,0,0
141,Rubaiyat,restaurants,59,4.0,12,4
141,Fresto,restaurants,77,3.9,15,2
141,Rei do Picadinho,restaurants,49,4.8,4,1
141,Octavio Café,restaurants,54,3.6,12,2
141,Rufino's,restaurants,215,4.4,14,4
141,Pizza 510,restaurants,68,4.3,3,1
141,Benihana,restaurants,106,3.5,11,3
141,Massao,restaurants,54,0.0,0,0
141,Between / Entre,restaurants,34,0.0,0,0
141,Marakuthai,restaurants,251,4.3,3,0
141,Cuordicrema,coffee,237,0.0,0,1
141,Fafa Café,coffee,156,0.0,0,0
141,Mercadinho e Panificadora Mineira,bakeries,68,0.0,0,0
141,Padoca Municipal,bakeries,129,0.0,0,0
141,Jelly Bread,bakeries,182,0.0,0,2
135,Bar da Bocha,restaurants,90,0.0,0,0
21,ICI Brasserie,restaurants,259,4.0,22,3
21,Tempero Suave Restaurante,restaurants,165,4.0,1,2
21,Jardim De Napoli JK iguatemi,restaurants,233,5.0,1,3
21,Le Manjue Café,restaurants,265,5.0,1,0
21,Forneria San Paolo,restaurants,225,1.0,1,0
21,Buddha Bar,restaurants,225,0.0,0,0
